season,pos,number,wiki_title,name,team,espn_id,note
1995,C,,Shaquille O'Neal,Shaquille O'Neal,,614,ppg · 29.3 ppg · 11.4 rpg
1995,C,,Hakeem Olajuwon,Hakeem Olajuwon,,619,ppg · 27.8 ppg · 10.8 rpg
1995,C,,David Robinson,David Robinson,,715,ppg · 27.6 ppg · 10.8 rpg
1995,G,,Michael Jordan,Michael Jordan,,1035,ppg · 26.9 ppg · 6.9 rpg · 5.3 apg
1995,F,,Karl Malone,Karl Malone,,501,ppg · 26.7 ppg · 10.6 rpg
1995,F,,Jim Jackson (basketball),Jim Jackson,,372,ppg · 25.7 ppg
1995,F,,Jamal Mashburn,Jamal Mashburn,,516,ppg · 24.1 ppg
1995,C,,,Patrick Ewing,,237,ppg · 23.9 ppg · 11.0 rpg
1995,F,,Charles Barkley,Charles Barkley,,37,ppg · 23.0 ppg · 11.1 rpg · 4.1 apg
1995,G,,Mitch Richmond,Mitch Richmond,,704,ppg · 22.8 ppg · 3.8 apg
1995,F,,Glen Rice,Glen Rice,,702,ppg · 22.3 ppg
1995,F,,Glenn Robinson,Glenn Robinson,,717,ppg · 21.9 ppg · 6.4 rpg
1995,G,,Clyde Drexler,Clyde Drexler,,3686,ppg · 21.8 ppg · 6.3 rpg · 4.8 apg
1995,F,,Cedric Ceballos,Cedric Ceballos,,141,ppg · 21.7 ppg · 8.0 rpg
1995,F,,Scottie Pippen,Scottie Pippen,,663,ppg · 21.4 ppg · 8.1 rpg · 5.2 apg
1995,F,,"Clifford Robinson (basketball, born 1966)",Clifford Robinson,,714,ppg · 21.3 ppg
1995,C,,Alonzo Mourning,Alonzo Mourning,,580,ppg · 21.3 ppg · 9.9 rpg
1995,F,,,Anfernee Hardaway,,302,ppg · 20.9 ppg · 7.2 apg
1995,G,,,Gary Payton,,640,ppg · 20.6 ppg · 7.1 apg
1995,G,,Latrell Sprewell,Latrell Sprewell,,800,ppg · 20.6 ppg · 4.0 apg
1995,G,,Dana Barros,Dana Barros,,40,ppg · 20.6 ppg · 7.5 apg
1995,F,,Derrick Coleman,Derrick Coleman,,156,ppg · 20.5 ppg · 10.6 rpg
1995,G,,Isaiah Rider,Isaiah Rider,,705,ppg · 20.4 ppg
1995,G,,Tim Hardaway,Tim Hardaway,,301,ppg · 20.1 ppg · 9.3 apg
1995,C,,Chris Webber,Chris Webber,,897,ppg · 20.1 ppg · 9.6 rpg · 4.7 apg
1995,F,,Grant Hill,Grant Hill,,336,ppg · 19.9 ppg · 6.4 rpg · 5.0 apg
1995,G,,Reggie Miller,Reggie Miller,,552,ppg · 19.6 ppg
1995,F,,Detlef Schrempf,Detlef Schrempf,,757,ppg · 19.2 ppg
1995,F,,Chris Mullin,Chris Mullin,,582,ppg · 19.0 ppg · 5.0 apg
1995,G,,Rod Strickland,Rod Strickland,,818,ppg · 18.9 ppg · 8.8 apg
1995,F,,,Larry D. Johnson,,392,ppg · 18.8 ppg · 7.2 rpg · 4.6 apg
1995,C,,Shawn Kemp,Shawn Kemp,,420,ppg · 18.7 ppg · 10.9 rpg
1995,G,,Jeff Malone,Jeff Malone,,3775,ppg · 18.4 ppg
1995,G,,Joe Dumars,Joe Dumars,,3689,ppg · 18.1 ppg · 5.5 apg
1995,F,,Sean Elliott,Sean Elliott,,225,ppg · 18.1 ppg
1995,F,,Clarence Weatherspoon,Clarence Weatherspoon,,896,ppg · 18.1 ppg · 6.9 rpg
1995,C,,Rik Smits,Rik Smits,,795,ppg · 17.9 ppg · 7.7 rpg
1995,F,,Danny Manning,Danny Manning,,506,ppg · 17.9 ppg
1995,F,,Dominique Wilkins,Dominique Wilkins,,3532,ppg · 17.8 ppg
1995,F,,Vin Baker,Vin Baker,,34,ppg · 17.7 ppg · 10.3 rpg
1995,F,,Dennis Rodman,Dennis Rodman,,726,rpg · 16.8 rpg
1995,C,,Dikembe Mutombo,Dikembe Mutombo,,588,rpg · 12.5 rpg
1995,F,,Tyrone Hill,Tyrone Hill,,334,rpg · 10.9 rpg
1995,C,,Kevin Willis,Kevin Willis,,937,rpg · 17.2 ppg · 10.9 rpg
1995,C,,Popeye Jones,Popeye Jones,,401,rpg · 10.6 rpg
1995,G,,John Stockton,John Stockton,,812,apg · 12.3 apg
1995,G,,Kenny Anderson (basketball),Kenny Anderson,,15,apg · 17.6 ppg · 9.4 apg
1995,G,,,Tyrone Bogues,,73,apg · 8.7 apg
1995,G,,Nick Van Exel,Nick Van Exel,,868,apg · 16.9 ppg · 8.2 apg
1995,G,,Avery Johnson,Avery Johnson,,390,apg · 8.2 apg
1996,G,,Michael Jordan,Michael Jordan,,1035,ppg · 30.4 ppg · 6.6 rpg · 4.3 apg
1996,C,,Hakeem Olajuwon,Hakeem Olajuwon,,619,ppg · 26.9 ppg · 10.9 rpg
1996,C,,Shaquille O'Neal,Shaquille O'Neal,,614,ppg · 26.6 ppg · 11.0 rpg
1996,F,,Karl Malone,Karl Malone,,501,ppg · 25.7 ppg · 9.8 rpg · 4.2 apg
1996,C,,David Robinson,David Robinson,,715,ppg · 25.0 ppg · 12.2 rpg
1996,C,,Chris Webber,Chris Webber,,897,ppg · 23.7 ppg · 7.6 rpg · 5.0 apg
1996,F,,Jamal Mashburn,Jamal Mashburn,,516,ppg · 23.4 ppg
1996,F,,Charles Barkley,Charles Barkley,,37,ppg · 23.2 ppg · 11.6 rpg · 3.7 apg
1996,C,,Alonzo Mourning,Alonzo Mourning,,580,ppg · 23.2 ppg · 10.4 rpg
1996,G,,Mitch Richmond,Mitch Richmond,,704,ppg · 23.1 ppg
1996,C,,,Patrick Ewing,,237,ppg · 22.5 ppg · 10.6 rpg
1996,F,,Juwan Howard,Juwan Howard,,351,ppg · 22.1 ppg · 8.1 rpg · 4.4 apg
1996,F,,,Anfernee Hardaway,,302,ppg · 21.7 ppg · 7.1 apg
1996,F,,Glen Rice,Glen Rice,,702,ppg · 21.6 ppg
1996,F,,Cedric Ceballos,Cedric Ceballos,,141,ppg · 21.2 ppg · 6.9 rpg
1996,G,,Reggie Miller,Reggie Miller,,552,ppg · 21.1 ppg
1996,F,,Vin Baker,Vin Baker,,34,ppg · 21.1 ppg · 9.9 rpg
1996,F,,"Clifford Robinson (basketball, born 1966)",Clifford Robinson,,714,ppg · 21.1 ppg
1996,F,,,Larry D. Johnson,,392,ppg · 20.5 ppg · 8.4 rpg · 4.4 apg
1996,F,,Glenn Robinson,Glenn Robinson,,717,ppg · 20.2 ppg
1996,F,,Grant Hill,Grant Hill,,336,ppg · 20.2 ppg · 9.8 rpg · 6.8 apg
1996,F,,Sean Elliott,Sean Elliott,,225,ppg · 20.0 ppg
1996,G,,Allan Houston,Allan Houston,,349,ppg · 19.7 ppg
1996,C,,,Dino Radja,,3823,ppg · 19.7 ppg · 9.8 rpg
1996,C,,Shawn Kemp,Shawn Kemp,,420,ppg · 19.6 ppg · 11.4 rpg
1996,G,,Isaiah Rider,Isaiah Rider,,705,ppg · 19.6 ppg
1996,F,,Jim Jackson (basketball),Jim Jackson,,372,ppg · 19.6 ppg
1996,F,,Scottie Pippen,Scottie Pippen,,663,ppg · 19.4 ppg · 6.4 rpg · 5.9 apg
1996,G,,Clyde Drexler,Clyde Drexler,,3686,ppg · 19.3 ppg · 7.2 rpg · 5.8 apg
1996,G,,Terrell Brandon,Terrell Brandon,,92,ppg · 19.3 ppg · 6.5 apg
1996,G,,,Gary Payton,,640,ppg · 19.3 ppg · 7.5 apg
1996,F,,Jerry Stackhouse,Jerry Stackhouse,,802,ppg · 19.2 ppg · 3.9 apg
1996,G,,Mahmoud Abdul-Rauf,Mahmoud Abdul-Rauf,,1,ppg · 19.2 ppg · 6.8 apg
1996,F,,George McCloud,George McCloud,,524,ppg · 18.9 ppg
1996,G,,Latrell Sprewell,Latrell Sprewell,,800,ppg · 18.9 ppg · 4.2 apg
1996,G,,Rod Strickland,Rod Strickland,,818,ppg · 18.7 ppg · 9.6 apg
1996,G,,Kevin Johnson (basketball player),Kevin Johnson,,391,ppg · 18.7 ppg · 9.2 apg
1996,C,,Rik Smits,Rik Smits,,795,ppg · 18.5 ppg · 6.9 rpg
1996,F,,,Armon Gilliam,,271,ppg · 18.3 ppg · 9.1 rpg
1996,G,,Steve Smith (basketball),Steve Smith,,781,ppg · 18.1 ppg
1996,F,,Dennis Rodman,Dennis Rodman,,726,rpg · 14.9 rpg
1996,C,,Dikembe Mutombo,Dikembe Mutombo,,588,rpg · 11.8 rpg
1996,C,,Popeye Jones,Popeye Jones,,401,rpg · 10.8 rpg
1996,F,,Loy Vaught,Loy Vaught,,875,rpg · 16.2 ppg · 10.1 rpg
1996,C,,Jayson Williams,Jayson Williams,,917,rpg · 10.0 rpg
1996,G,,John Stockton,John Stockton,,812,apg · 11.2 apg
1996,G,,Jason Kidd,Jason Kidd,,429,apg · 16.6 ppg · 6.8 rpg · 9.7 apg
1996,G,,Avery Johnson,Avery Johnson,,390,apg · 9.6 apg
1996,G,,Kenny Anderson (basketball),Kenny Anderson,,15,apg · 15.2 ppg · 8.3 apg
1996,G,,Tim Hardaway,Tim Hardaway,,301,apg · 15.2 ppg · 8.0 apg
1997,G,,Michael Jordan,Michael Jordan,,1035,ppg · 29.6 ppg · 4.3 apg
1997,F,,Karl Malone,Karl Malone,,501,ppg · 27.4 ppg · 9.9 rpg · 4.5 apg
1997,F,,Glen Rice,Glen Rice,,702,ppg · 26.8 ppg
1997,C,,Shaquille O'Neal,Shaquille O'Neal,,614,ppg · 26.2 ppg · 12.5 rpg
1997,G,,Mitch Richmond,Mitch Richmond,,704,ppg · 25.9 ppg · 4.2 apg
1997,G,,Latrell Sprewell,Latrell Sprewell,,800,ppg · 24.2 ppg · 6.3 apg
1997,G,,Allen Iverson,Allen Iverson,,366,ppg · 23.5 ppg · 7.5 apg
1997,C,,Hakeem Olajuwon,Hakeem Olajuwon,,619,ppg · 23.2 ppg · 9.2 rpg
1997,C,,,Patrick Ewing,,237,ppg · 22.4 ppg · 10.7 rpg
1997,F,,LaPhonso Ellis,LaPhonso Ellis,,229,ppg · 21.9 ppg · 7.0 rpg
1997,F,,Kendall Gill,Kendall Gill,,269,ppg · 21.8 ppg · 4.0 apg
1997,G,,,Gary Payton,,640,ppg · 21.8 ppg · 7.1 apg
1997,G,,Reggie Miller,Reggie Miller,,552,ppg · 21.6 ppg
1997,F,,Grant Hill,Grant Hill,,336,ppg · 21.4 ppg · 9.0 rpg · 7.3 apg
1997,F,,Glenn Robinson,Glenn Robinson,,717,ppg · 21.1 ppg
1997,F,,Vin Baker,Vin Baker,,34,ppg · 21.0 ppg · 10.3 rpg
1997,F,,Jerry Stackhouse,Jerry Stackhouse,,802,ppg · 20.7 ppg
1997,F,,Tom Gugliotta,Tom Gugliotta,,287,ppg · 20.6 ppg · 8.7 rpg · 4.1 apg
1997,F,,,Anfernee Hardaway,,302,ppg · 20.5 ppg · 5.6 apg
1997,G,,Tim Hardaway,Tim Hardaway,,301,ppg · 20.3 ppg · 8.6 apg
1997,F,,Scottie Pippen,Scottie Pippen,,663,ppg · 20.2 ppg · 5.7 apg
1997,G,,Damon Stoudamire,Damon Stoudamire,,817,ppg · 20.2 ppg · 8.8 apg
1997,G,,Kevin Johnson (basketball player),Kevin Johnson,,391,ppg · 20.1 ppg · 9.3 apg
1997,G,,Steve Smith (basketball),Steve Smith,,781,ppg · 20.1 ppg · 4.2 apg
1997,C,,Chris Webber,Chris Webber,,897,ppg · 20.1 ppg · 10.3 rpg · 4.6 apg
1997,C,,Alonzo Mourning,Alonzo Mourning,,580,ppg · 19.8 ppg · 9.9 rpg
1997,G,,Terrell Brandon,Terrell Brandon,,92,ppg · 19.5 ppg · 6.3 apg
1997,F,,Charles Barkley,Charles Barkley,,37,ppg · 19.2 ppg · 13.5 rpg · 4.7 apg
1997,F,,Juwan Howard,Juwan Howard,,351,ppg · 19.1 ppg · 8.0 rpg · 3.8 apg
1997,C,,Chris Gatling,Chris Gatling,,265,ppg · 19.0 ppg · 7.9 rpg
1997,C,,Shawn Kemp,Shawn Kemp,,420,ppg · 18.7 ppg · 10.0 rpg
1997,F,,Shareef Abdur-Rahim,Shareef Abdur-Rahim,,3,ppg · 18.7 ppg · 6.9 rpg
1997,F,,Joe Smith (basketball),Joe Smith,,788,ppg · 18.7 ppg · 8.5 rpg
1997,F,,Antonio McDyess,Antonio McDyess,,530,ppg · 18.3 ppg · 7.3 rpg
1997,F,,Dominique Wilkins,Dominique Wilkins,,3532,ppg · 18.2 ppg
1997,F,,Christian Laettner,Christian Laettner,,453,ppg · 18.1 ppg · 8.8 rpg
1997,F,,Derrick Coleman,Derrick Coleman,,156,ppg · 18.1 ppg · 10.1 rpg
1997,G,,Clyde Drexler,Clyde Drexler,,3686,ppg · 18.0 ppg · 5.7 apg
1997,C,,David Robinson,David Robinson,,715,ppg · 17.7 ppg · 8.5 rpg
1997,G,,Kenny Anderson (basketball),Kenny Anderson,,15,ppg · 17.5 ppg · 7.1 apg
1997,F,,Dennis Rodman,Dennis Rodman,,726,rpg · 16.1 rpg
1997,C,,Jayson Williams,Jayson Williams,,917,rpg · 13.5 rpg
1997,C,,Dikembe Mutombo,Dikembe Mutombo,,588,rpg · 11.6 rpg
1997,F,,Anthony Mason (basketball),Anthony Mason,,517,rpg · 16.2 ppg · 11.4 rpg · 5.7 apg
1997,C,,Ervin Johnson,Ervin Johnson,,393,rpg · 11.1 rpg
1997,G,,Mark Jackson,Mark Jackson,,370,apg · 11.4 apg
1997,G,,John Stockton,John Stockton,,812,apg · 10.5 apg
1997,G,,Jason Kidd,Jason Kidd,,429,apg · 9.0 apg
1997,G,,Rod Strickland,Rod Strickland,,818,apg · 17.2 ppg · 8.9 apg
1997,G,,Nick Van Exel,Nick Van Exel,,868,apg · 15.3 ppg · 8.5 apg
1998,G,,Michael Jordan,Michael Jordan,,1035,ppg · 28.7 ppg
1998,C,,Shaquille O'Neal,Shaquille O'Neal,,614,ppg · 28.3 ppg · 11.4 rpg
1998,F,,Karl Malone,Karl Malone,,501,ppg · 27.0 ppg · 10.3 rpg · 3.9 apg
1998,F,,Glenn Robinson,Glenn Robinson,,717,ppg · 23.4 ppg
1998,G,,Mitch Richmond,Mitch Richmond,,704,ppg · 23.2 ppg · 4.0 apg
1998,F,,Antoine Walker,Antoine Walker,,881,ppg · 22.4 ppg · 10.2 rpg
1998,F,,Shareef Abdur-Rahim,Shareef Abdur-Rahim,,3,ppg · 22.3 ppg · 7.1 rpg
1998,F,,Glen Rice,Glen Rice,,702,ppg · 22.3 ppg
1998,G,,Allen Iverson,Allen Iverson,,366,ppg · 22.0 ppg · 6.2 apg
1998,C,,Chris Webber,Chris Webber,,897,ppg · 21.9 ppg · 9.5 rpg · 3.8 apg
1998,C,,David Robinson,David Robinson,,715,ppg · 21.6 ppg · 10.6 rpg
1998,G,,Michael Finley,Michael Finley,,242,ppg · 21.5 ppg · 4.9 apg
1998,G,,Latrell Sprewell,Latrell Sprewell,,800,ppg · 21.4 ppg · 4.9 apg
1998,F,,Grant Hill,Grant Hill,,336,ppg · 21.1 ppg · 7.7 rpg · 6.8 apg
1998,C,,Tim Duncan,Tim Duncan,,215,ppg · 21.1 ppg · 11.9 rpg
1998,C,,,Patrick Ewing,,237,ppg · 20.8 ppg · 10.2 rpg
1998,F,,Tom Gugliotta,Tom Gugliotta,,287,ppg · 20.1 ppg · 8.7 rpg · 4.1 apg
1998,G,,Steve Smith (basketball),Steve Smith,,781,ppg · 20.1 ppg · 4.0 apg
1998,F,,"Eric Williams (basketball, born 1972)",Eric Williams,,929,ppg · 19.8 ppg
1998,G,,Isaiah Rider,Isaiah Rider,,705,ppg · 19.7 ppg
1998,F,,Keith Van Horn,Keith Van Horn,,869,ppg · 19.7 ppg
1998,G,,Sam Cassell,Sam Cassell,,138,ppg · 19.6 ppg · 8.0 apg
1998,G,,Ray Allen,Ray Allen,,9,ppg · 19.5 ppg · 4.3 apg
1998,G,,Reggie Miller,Reggie Miller,,552,ppg · 19.5 ppg
1998,C,,Alonzo Mourning,Alonzo Mourning,,580,ppg · 19.2 ppg · 9.6 rpg
1998,F,,Vin Baker,Vin Baker,,34,ppg · 19.2 ppg · 8.0 rpg
1998,G,,,Gary Payton,,640,ppg · 19.2 ppg · 8.3 apg
1998,F,,Scottie Pippen,Scottie Pippen,,663,ppg · 19.1 ppg · 5.8 apg
1998,G,,Tim Hardaway,Tim Hardaway,,301,ppg · 18.9 ppg · 8.3 apg
1998,F,,Kevin Garnett,Kevin Garnett,,261,ppg · 18.5 ppg · 9.6 rpg · 4.2 apg
1998,F,,Juwan Howard,Juwan Howard,,351,ppg · 18.5 ppg · 7.0 rpg
1998,G,,Allan Houston,Allan Houston,,349,ppg · 18.4 ppg
1998,G,,Clyde Drexler,Clyde Drexler,,3686,ppg · 18.4 ppg · 5.5 apg
1998,C,,Shawn Kemp,Shawn Kemp,,420,ppg · 18.0 ppg · 9.3 rpg
1998,G,,Rod Strickland,Rod Strickland,,818,ppg · 17.8 ppg · 10.5 apg
1998,F,,Corliss Williamson,Corliss Williamson,,936,ppg · 17.7 ppg
1998,G,,Stephon Marbury,Stephon Marbury,,509,ppg · 17.7 ppg · 8.6 apg
1998,F,,Derrick Coleman,Derrick Coleman,,156,ppg · 17.6 ppg · 9.9 rpg
1998,G,,Damon Stoudamire,Damon Stoudamire,,817,ppg · 17.3 ppg · 8.2 apg
1998,G,,Kerry Kittles,Kerry Kittles,,437,ppg · 17.2 ppg
1998,F,,Dennis Rodman,Dennis Rodman,,726,rpg · 15.0 rpg
1998,C,,Jayson Williams,Jayson Williams,,917,rpg · 13.6 rpg
1998,F,,Charles Barkley,Charles Barkley,,37,rpg · 11.7 rpg
1998,C,,Dikembe Mutombo,Dikembe Mutombo,,588,rpg · 11.4 rpg
1998,F,,Tyrone Hill,Tyrone Hill,,334,rpg · 10.7 rpg
1998,G,,Jason Kidd,Jason Kidd,,429,apg · 9.1 apg
1998,G,,Mark Jackson,Mark Jackson,,370,apg · 8.7 apg
1998,G,,John Stockton,John Stockton,,812,apg · 8.5 apg
1998,G,,Brevin Knight,Brevin Knight,,440,apg · 8.2 apg
1998,G,,Avery Johnson,Avery Johnson,,390,apg · 7.9 apg
1999,G,,Allen Iverson,Allen Iverson,,366,ppg · 26.8 ppg · 4.6 apg
1999,C,,Shaquille O'Neal,Shaquille O'Neal,,614,ppg · 26.3 ppg · 10.7 rpg
1999,F,,Karl Malone,Karl Malone,,501,ppg · 23.8 ppg · 9.4 rpg · 4.1 apg
1999,F,,Shareef Abdur-Rahim,Shareef Abdur-Rahim,,3,ppg · 23.0 ppg · 7.5 rpg
1999,F,,Keith Van Horn,Keith Van Horn,,869,ppg · 21.8 ppg · 8.5 rpg
1999,C,,Tim Duncan,Tim Duncan,,215,ppg · 21.7 ppg · 11.4 rpg
1999,G,,,Gary Payton,,640,ppg · 21.7 ppg · 8.7 apg
1999,G,,Stephon Marbury,Stephon Marbury,,509,ppg · 21.3 ppg · 8.9 apg
1999,F,,Antonio McDyess,Antonio McDyess,,530,ppg · 21.2 ppg · 10.7 rpg
1999,F,,Grant Hill,Grant Hill,,336,ppg · 21.1 ppg · 7.1 rpg · 6.0 apg
1999,F,,Kevin Garnett,Kevin Garnett,,261,ppg · 20.8 ppg · 10.4 rpg · 4.3 apg
1999,C,,Shawn Kemp,Shawn Kemp,,420,ppg · 20.5 ppg · 9.2 rpg
1999,G,,Michael Finley,Michael Finley,,242,ppg · 20.2 ppg · 4.4 apg
1999,C,,Alonzo Mourning,Alonzo Mourning,,580,ppg · 20.1 ppg · 11.0 rpg
1999,C,,Chris Webber,Chris Webber,,897,ppg · 20.0 ppg · 13.0 rpg · 4.1 apg
1999,F,,Kobe Bryant,Kobe Bryant,,110,ppg · 19.9 ppg · 3.8 apg
1999,G,,Mitch Richmond,Mitch Richmond,,704,ppg · 19.7 ppg
1999,F,,Juwan Howard,Juwan Howard,,351,ppg · 18.9 ppg · 8.1 rpg
1999,C,,Hakeem Olajuwon,Hakeem Olajuwon,,619,ppg · 18.9 ppg · 9.6 rpg
1999,F,,Toni Kukoč,Toni Kukoc,,446,ppg · 18.8 ppg · 7.0 rpg · 5.3 apg
1999,G,,Steve Smith (basketball),Steve Smith,,781,ppg · 18.7 ppg
1999,F,,Antoine Walker,Antoine Walker,,881,ppg · 18.7 ppg · 8.5 rpg
1999,F,,Glenn Robinson,Glenn Robinson,,717,ppg · 18.4 ppg
1999,G,,Reggie Miller,Reggie Miller,,552,ppg · 18.4 ppg
1999,G,,Vince Carter,Vince Carter,,136,ppg · 18.3 ppg
1999,F,,Glen Rice,Glen Rice,,702,ppg · 17.5 ppg
1999,G,,Tim Hardaway,Tim Hardaway,,301,ppg · 17.4 ppg · 7.3 apg
1999,C,,,Patrick Ewing,,237,ppg · 17.3 ppg · 9.9 rpg
1999,G,,Ray Allen,Ray Allen,,9,ppg · 17.1 ppg · 3.6 apg
1999,G,,Ron Mercer,Ron Mercer,,546,ppg · 17.0 ppg
1999,F,,Tom Gugliotta,Tom Gugliotta,,287,ppg · 17.0 ppg · 8.9 rpg
1999,G,,Jason Kidd,Jason Kidd,,429,ppg · 16.9 ppg · 6.8 rpg · 10.8 apg
1999,F,,Maurice Taylor,Maurice Taylor,,837,ppg · 16.8 ppg
1999,G,,Nick Van Exel,Nick Van Exel,,868,ppg · 16.5 ppg · 7.4 apg
1999,F,,Paul Pierce,Paul Pierce,,662,ppg · 16.5 ppg
1999,F,,"Clifford Robinson (basketball, born 1966)",Clifford Robinson,,714,ppg · 16.4 ppg
1999,G,,Latrell Sprewell,Latrell Sprewell,,800,ppg · 16.4 ppg
1999,G,,Allan Houston,Allan Houston,,349,ppg · 16.3 ppg
1999,F,,Charles Barkley,Charles Barkley,,37,ppg · 16.1 ppg · 12.3 rpg · 4.6 apg
1999,F,,Gary Trent,Gary Trent,,858,ppg · 16.0 ppg · 7.8 rpg
1999,C,,Dikembe Mutombo,Dikembe Mutombo,,588,rpg · 12.2 rpg
1999,C,,Jayson Williams,Jayson Williams,,917,rpg · 12.0 rpg
1999,C,,Danny Fortson,Danny Fortson,,248,rpg · 11.6 rpg
1999,F,,Dennis Rodman,Dennis Rodman,,726,rpg · 11.2 rpg
1999,F,,Jamie Feick,Jamie Feick,,239,rpg · 10.3 rpg
1999,G,,Rod Strickland,Rod Strickland,,818,apg · 15.7 ppg · 9.9 apg
1999,G,,Terrell Brandon,Terrell Brandon,,92,apg · 13.9 ppg · 8.6 apg
1999,G,,Mark Jackson,Mark Jackson,,370,apg · 7.9 apg
1999,G,,Brevin Knight,Brevin Knight,,440,apg · 7.7 apg
1999,G,,John Stockton,John Stockton,,812,apg · 7.5 apg
2000,C,,Shaquille O'Neal,Shaquille O'Neal,,614,ppg · 29.7 ppg · 13.6 rpg · 3.8 apg
2000,G,,Allen Iverson,Allen Iverson,,366,ppg · 28.4 ppg · 4.7 apg
2000,F,,Grant Hill,Grant Hill,,336,ppg · 25.8 ppg · 6.6 rpg · 5.2 apg
2000,G,,Vince Carter,Vince Carter,,136,ppg · 25.7 ppg · 3.9 apg
2000,F,,Karl Malone,Karl Malone,,501,ppg · 25.5 ppg · 9.5 rpg
2000,C,,Chris Webber,Chris Webber,,897,ppg · 24.5 ppg · 10.5 rpg · 4.6 apg
2000,G,,,Gary Payton,,640,ppg · 24.2 ppg · 6.5 rpg · 8.9 apg
2000,F,,Jerry Stackhouse,Jerry Stackhouse,,802,ppg · 23.6 ppg · 4.5 apg
2000,C,,Tim Duncan,Tim Duncan,,215,ppg · 23.2 ppg · 12.4 rpg
2000,F,,Kevin Garnett,Kevin Garnett,,261,ppg · 22.9 ppg · 11.8 rpg · 5.0 apg
2000,G,,Michael Finley,Michael Finley,,242,ppg · 22.6 ppg · 5.3 apg
2000,F,,Kobe Bryant,Kobe Bryant,,110,ppg · 22.5 ppg · 4.9 apg
2000,G,,Stephon Marbury,Stephon Marbury,,509,ppg · 22.2 ppg · 8.4 apg
2000,G,,Ray Allen,Ray Allen,,9,ppg · 22.1 ppg · 3.8 apg
2000,C,,Alonzo Mourning,Alonzo Mourning,,580,ppg · 21.7 ppg · 9.5 rpg
2000,F,,Glenn Robinson,Glenn Robinson,,717,ppg · 20.9 ppg
2000,F,,Antoine Walker,Antoine Walker,,881,ppg · 20.5 ppg · 8.0 rpg · 3.7 apg
2000,F,,Shareef Abdur-Rahim,Shareef Abdur-Rahim,,3,ppg · 20.3 ppg · 10.1 rpg
2000,F,,Elton Brand,Elton Brand,,91,ppg · 20.1 ppg · 10.0 rpg
2000,G,,Eddie Jones (basketball),Eddie Jones,,402,ppg · 20.1 ppg · 4.2 apg
2000,G,,Allan Houston,Allan Houston,,349,ppg · 19.7 ppg
2000,F,,Antawn Jamison,Antawn Jamison,,385,ppg · 19.6 ppg · 8.3 rpg
2000,F,,Paul Pierce,Paul Pierce,,662,ppg · 19.5 ppg
2000,G,,Isaiah Rider,Isaiah Rider,,705,ppg · 19.3 ppg
2000,F,,Keith Van Horn,Keith Van Horn,,869,ppg · 19.2 ppg · 8.4 rpg
2000,F,,Antonio McDyess,Antonio McDyess,,530,ppg · 19.1 ppg · 8.5 rpg
2000,G,,Sam Cassell,Sam Cassell,,138,ppg · 18.6 ppg · 9.0 apg
2000,G,,Latrell Sprewell,Latrell Sprewell,,800,ppg · 18.6 ppg · 4.0 apg
2000,F,,"Clifford Robinson (basketball, born 1966)",Clifford Robinson,,714,ppg · 18.5 ppg
2000,G,,Michael Dickerson,Michael Dickerson,,203,ppg · 18.2 ppg
2000,G,,Jalen Rose,Jalen Rose,,738,ppg · 18.2 ppg · 4.0 apg
2000,G,,Reggie Miller,Reggie Miller,,552,ppg · 18.1 ppg
2000,G,,Steve Francis,Steve Francis,,255,ppg · 18.0 ppg · 6.6 apg
2000,C,,Shawn Kemp,Shawn Kemp,,420,ppg · 17.8 ppg · 8.8 rpg
2000,C,,David Robinson,David Robinson,,715,ppg · 17.8 ppg · 9.6 rpg
2000,F,,Dirk Nowitzki,Dirk Nowitzki,,609,ppg · 17.5 ppg · 6.5 rpg
2000,F,,Jamal Mashburn,Jamal Mashburn,,516,ppg · 17.5 ppg · 3.9 apg
2000,G,,Mitch Richmond,Mitch Richmond,,704,ppg · 17.4 ppg
2000,F,,Maurice Taylor,Maurice Taylor,,837,ppg · 17.1 ppg · 6.5 rpg
2000,G,,Terrell Brandon,Terrell Brandon,,92,ppg · 17.1 ppg · 8.9 apg
2000,F,,Dennis Rodman,Dennis Rodman,,726,rpg · 14.2 rpg
2000,C,,Dikembe Mutombo,Dikembe Mutombo,,588,rpg · 14.1 rpg
2000,F,,Charles Barkley,Charles Barkley,,37,rpg · 10.4 rpg
2000,F,,Donyell Marshall,Donyell Marshall,,512,rpg · 10.0 rpg
2000,F,,Dale Davis (basketball),Dale Davis,,187,rpg · 9.9 rpg
2000,G,,Jason Kidd,Jason Kidd,,429,apg · 7.2 rpg · 10.1 apg
2000,G,,Nick Van Exel,Nick Van Exel,,868,apg · 16.1 ppg · 9.0 apg
2000,G,,John Stockton,John Stockton,,812,apg · 8.6 apg
2000,G,,Mike Bibby,Mike Bibby,,61,apg · 8.1 apg
2000,G,,Mark Jackson,Mark Jackson,,370,apg · 8.0 apg
2001,G,,Allen Iverson,Allen Iverson,,366,ppg · 31.1 ppg · 4.6 apg
2001,F,,Jerry Stackhouse,Jerry Stackhouse,,802,ppg · 29.8 ppg · 5.1 apg
2001,C,,Shaquille O'Neal,Shaquille O'Neal,,614,ppg · 28.7 ppg · 12.7 rpg · 3.7 apg
2001,F,,Kobe Bryant,Kobe Bryant,,110,ppg · 28.5 ppg · 5.0 apg
2001,G,,Vince Carter,Vince Carter,,136,ppg · 27.6 ppg · 3.9 apg
2001,C,,Chris Webber,Chris Webber,,897,ppg · 27.1 ppg · 11.1 rpg · 4.2 apg
2001,G,,Tracy McGrady,Tracy McGrady,,532,ppg · 26.8 ppg · 7.5 rpg · 4.6 apg
2001,F,,Paul Pierce,Paul Pierce,,662,ppg · 25.3 ppg
2001,F,,Antawn Jamison,Antawn Jamison,,385,ppg · 24.9 ppg · 8.7 rpg
2001,G,,Stephon Marbury,Stephon Marbury,,509,ppg · 23.9 ppg · 7.6 apg
2001,F,,Antoine Walker,Antoine Walker,,881,ppg · 23.4 ppg · 8.9 rpg · 5.5 apg
2001,F,,Karl Malone,Karl Malone,,501,ppg · 23.2 ppg · 8.3 rpg · 4.5 apg
2001,G,,,Gary Payton,,640,ppg · 23.1 ppg · 8.1 apg
2001,C,,Tim Duncan,Tim Duncan,,215,ppg · 22.2 ppg · 12.2 rpg
2001,F,,Glenn Robinson,Glenn Robinson,,717,ppg · 22.0 ppg · 6.9 rpg
2001,F,,Kevin Garnett,Kevin Garnett,,261,ppg · 22.0 ppg · 11.4 rpg · 5.0 apg
2001,G,,Ray Allen,Ray Allen,,9,ppg · 22.0 ppg · 4.6 apg
2001,F,,Dirk Nowitzki,Dirk Nowitzki,,609,ppg · 21.8 ppg · 9.2 rpg
2001,G,,Michael Finley,Michael Finley,,242,ppg · 21.5 ppg · 4.4 apg
2001,F,,Antonio McDyess,Antonio McDyess,,530,ppg · 20.8 ppg · 12.1 rpg
2001,F,,Shareef Abdur-Rahim,Shareef Abdur-Rahim,,3,ppg · 20.5 ppg · 9.1 rpg
2001,G,,Jalen Rose,Jalen Rose,,738,ppg · 20.5 ppg · 6.0 apg
2001,F,,Peja Stojaković,Peja Stojakovic,,813,ppg · 20.4 ppg
2001,F,,Elton Brand,Elton Brand,,91,ppg · 20.1 ppg · 10.1 rpg
2001,F,,Jamal Mashburn,Jamal Mashburn,,516,ppg · 20.1 ppg · 7.6 rpg · 5.4 apg
2001,G,,Steve Francis,Steve Francis,,255,ppg · 19.9 ppg · 6.9 rpg · 6.5 apg
2001,G,,Jason Terry,Jason Terry,,841,ppg · 19.7 ppg · 4.9 apg
2001,G,,Ron Mercer,Ron Mercer,,546,ppg · 19.7 ppg
2001,G,,Cuttino Mobley,Cuttino Mobley,,566,ppg · 19.5 ppg
2001,F,,Rasheed Wallace,Rasheed Wallace,,883,ppg · 19.2 ppg · 7.8 rpg
2001,G,,Reggie Miller,Reggie Miller,,552,ppg · 18.9 ppg
2001,G,,Allan Houston,Allan Houston,,349,ppg · 18.7 ppg
2001,G,,Sam Cassell,Sam Cassell,,138,ppg · 18.2 ppg · 7.6 apg
2001,G,,Richard Hamilton (basketball),Richard Hamilton,,294,ppg · 18.1 ppg
2001,F,,Juwan Howard,Juwan Howard,,351,ppg · 18.0 ppg · 7.1 rpg
2001,G,,Nick Van Exel,Nick Van Exel,,868,ppg · 17.7 ppg · 8.5 apg
2001,G,,Latrell Sprewell,Latrell Sprewell,,800,ppg · 17.7 ppg
2001,G,,Eddie Jones (basketball),Eddie Jones,,402,ppg · 17.4 ppg
2001,G,,Shawn Marion,Shawn Marion,,510,ppg · 17.3 ppg · 10.7 rpg
2001,G,,David Wesley,David Wesley,,904,ppg · 17.2 ppg · 4.4 apg
2001,C,,Danny Fortson,Danny Fortson,,248,rpg · 16.7 ppg · 16.3 rpg
2001,C,,Dikembe Mutombo,Dikembe Mutombo,,588,rpg · 13.5 rpg
2001,F,,Ben Wallace (basketball),Ben Wallace,,885,rpg · 13.1 rpg
2001,C,,Marcus Camby,Marcus Camby,,125,rpg · 11.5 rpg
2001,F,,Antonio Davis,Antonio Davis,,189,rpg · 10.1 rpg
2001,G,,Jason Kidd,Jason Kidd,,429,apg · 16.9 ppg · 9.8 apg
2001,G,,John Stockton,John Stockton,,812,apg · 8.7 apg
2001,G,,Mike Bibby,Mike Bibby,,61,apg · 15.9 ppg · 8.4 apg
2001,G,,Andre Miller,Andre Miller,,557,apg · 15.8 ppg · 8.0 apg
2001,G,,Mark Jackson,Mark Jackson,,370,apg · 8.0 apg
2002,G,,Allen Iverson,Allen Iverson,,366,ppg · 31.4 ppg · 5.5 apg
2002,C,,Shaquille O'Neal,Shaquille O'Neal,,614,ppg · 27.2 ppg · 10.7 rpg
2002,F,,Paul Pierce,Paul Pierce,,662,ppg · 26.1 ppg · 6.9 rpg
2002,G,,Tracy McGrady,Tracy McGrady,,532,ppg · 25.6 ppg · 7.9 rpg · 5.3 apg
2002,C,,Tim Duncan,Tim Duncan,,215,ppg · 25.5 ppg · 12.7 rpg · 3.7 apg
2002,F,,Kobe Bryant,Kobe Bryant,,110,ppg · 25.2 ppg · 5.5 apg
2002,G,,Vince Carter,Vince Carter,,136,ppg · 24.7 ppg · 4.0 apg
2002,C,,Chris Webber,Chris Webber,,897,ppg · 24.5 ppg · 10.1 rpg · 4.8 apg
2002,F,,Dirk Nowitzki,Dirk Nowitzki,,609,ppg · 23.4 ppg · 9.9 rpg
2002,G,,Michael Jordan,Michael Jordan,,1035,ppg · 22.9 ppg · 5.2 apg
2002,F,,Karl Malone,Karl Malone,,501,ppg · 22.4 ppg · 8.6 rpg · 4.3 apg
2002,F,,Antoine Walker,Antoine Walker,,881,ppg · 22.1 ppg · 8.8 rpg · 5.0 apg
2002,G,,,Gary Payton,,640,ppg · 22.1 ppg · 9.0 apg
2002,G,,Ray Allen,Ray Allen,,9,ppg · 21.8 ppg · 3.9 apg
2002,G,,Cuttino Mobley,Cuttino Mobley,,566,ppg · 21.7 ppg
2002,G,,Steve Francis,Steve Francis,,255,ppg · 21.6 ppg · 7.0 rpg · 6.4 apg
2002,F,,Jamal Mashburn,Jamal Mashburn,,516,ppg · 21.5 ppg · 4.3 apg
2002,F,,Jerry Stackhouse,Jerry Stackhouse,,802,ppg · 21.4 ppg · 5.3 apg
2002,F,,Shareef Abdur-Rahim,Shareef Abdur-Rahim,,3,ppg · 21.2 ppg · 9.0 rpg
2002,F,,Peja Stojaković,Peja Stojakovic,,813,ppg · 21.2 ppg
2002,F,,Kevin Garnett,Kevin Garnett,,261,ppg · 21.2 ppg · 12.1 rpg · 5.2 apg
2002,F,,Glenn Robinson,Glenn Robinson,,717,ppg · 20.7 ppg
2002,G,,Michael Finley,Michael Finley,,242,ppg · 20.6 ppg
2002,G,,Jalen Rose,Jalen Rose,,738,ppg · 20.4 ppg · 4.3 apg
2002,G,,Stephon Marbury,Stephon Marbury,,509,ppg · 20.4 ppg · 8.1 apg
2002,G,,Allan Houston,Allan Houston,,349,ppg · 20.4 ppg
2002,G,,Richard Hamilton (basketball),Richard Hamilton,,294,ppg · 20.0 ppg
2002,F,,Antawn Jamison,Antawn Jamison,,385,ppg · 19.7 ppg · 6.8 rpg
2002,G,,Sam Cassell,Sam Cassell,,138,ppg · 19.7 ppg · 6.7 apg
2002,G,,Latrell Sprewell,Latrell Sprewell,,800,ppg · 19.4 ppg · 3.9 apg
2002,G,,Jason Terry,Jason Terry,,841,ppg · 19.3 ppg · 5.7 apg
2002,F,,Rasheed Wallace,Rasheed Wallace,,883,ppg · 19.3 ppg · 8.2 rpg
2002,G,,Shawn Marion,Shawn Marion,,510,ppg · 19.1 ppg · 9.9 rpg
2002,C,,Jermaine O'Neal,Jermaine O'Neal,,615,ppg · 19.0 ppg · 10.5 rpg
2002,G,,Wally Szczerbiak,Wally Szczerbiak,,831,ppg · 18.7 ppg
2002,G,,Nick Van Exel,Nick Van Exel,,868,ppg · 18.4 ppg · 6.6 apg
2002,G,,Eddie Jones (basketball),Eddie Jones,,402,ppg · 18.3 ppg
2002,F,,Elton Brand,Elton Brand,,91,ppg · 18.2 ppg · 11.6 rpg
2002,G,,Baron Davis,Baron Davis,,194,ppg · 18.1 ppg · 8.5 apg
2002,G,,Steve Nash,Steve Nash,,592,ppg · 17.9 ppg · 7.7 apg
2002,F,,Ben Wallace (basketball),Ben Wallace,,885,rpg · 13.0 rpg
2002,C,,Danny Fortson,Danny Fortson,,248,rpg · 11.7 rpg
2002,C,,Marcus Camby,Marcus Camby,,125,rpg · 11.1 rpg
2002,C,,Dikembe Mutombo,Dikembe Mutombo,,588,rpg · 10.8 rpg
2002,F,,Tyrone Hill,Tyrone Hill,,334,rpg · 10.5 rpg
2002,G,,Andre Miller,Andre Miller,,557,apg · 16.5 ppg · 10.9 apg
2002,G,,Jason Kidd,Jason Kidd,,429,apg · 14.7 ppg · 7.3 rpg · 9.9 apg
2002,G,,Terrell Brandon,Terrell Brandon,,92,apg · 8.2 apg
2002,G,,John Stockton,John Stockton,,812,apg · 8.2 apg
2002,G,,Jamaal Tinsley,Jamaal Tinsley,,1024,apg · 8.1 apg
2003,G,,Tracy McGrady,Tracy McGrady,,532,ppg · 32.1 ppg · 6.5 rpg · 5.5 apg
2003,F,,Kobe Bryant,Kobe Bryant,,110,ppg · 30.0 ppg · 6.9 rpg · 5.9 apg
2003,G,,Allen Iverson,Allen Iverson,,366,ppg · 27.6 ppg · 5.5 apg
2003,C,,Shaquille O'Neal,Shaquille O'Neal,,614,ppg · 27.5 ppg · 11.1 rpg
2003,F,,Paul Pierce,Paul Pierce,,662,ppg · 25.9 ppg · 7.3 rpg · 4.4 apg
2003,F,,Dirk Nowitzki,Dirk Nowitzki,,609,ppg · 25.1 ppg · 9.9 rpg
2003,C,,Tim Duncan,Tim Duncan,,215,ppg · 23.3 ppg · 12.9 rpg · 3.9 apg
2003,C,,Chris Webber,Chris Webber,,897,ppg · 23.0 ppg · 10.5 rpg · 5.4 apg
2003,F,,Kevin Garnett,Kevin Garnett,,261,ppg · 23.0 ppg · 13.4 rpg · 6.0 apg
2003,G,,Ray Allen,Ray Allen,,9,ppg · 22.5 ppg · 4.4 apg
2003,G,,Allan Houston,Allan Houston,,349,ppg · 22.5 ppg
2003,G,,Stephon Marbury,Stephon Marbury,,509,ppg · 22.3 ppg · 8.1 apg
2003,F,,Antawn Jamison,Antawn Jamison,,385,ppg · 22.2 ppg · 7.0 rpg
2003,G,,Jalen Rose,Jalen Rose,,738,ppg · 22.1 ppg · 4.8 apg
2003,F,,Jamal Mashburn,Jamal Mashburn,,516,ppg · 21.6 ppg · 5.6 apg
2003,F,,Jerry Stackhouse,Jerry Stackhouse,,802,ppg · 21.5 ppg · 4.5 apg
2003,G,,Shawn Marion,Shawn Marion,,510,ppg · 21.2 ppg · 9.5 rpg
2003,G,,Steve Francis,Steve Francis,,255,ppg · 21.0 ppg · 6.2 apg
2003,F,,Glenn Robinson,Glenn Robinson,,717,ppg · 20.8 ppg · 6.6 rpg
2003,C,,Jermaine O'Neal,Jermaine O'Neal,,615,ppg · 20.8 ppg · 10.3 rpg
2003,G,,Ricky Davis,Ricky Davis,,193,ppg · 20.6 ppg · 5.5 apg
2003,F,,Karl Malone,Karl Malone,,501,ppg · 20.6 ppg · 7.8 rpg · 4.7 apg
2003,G,,Vince Carter,Vince Carter,,136,ppg · 20.6 ppg
2003,G,,,Gary Payton,,640,ppg · 20.4 ppg · 8.3 apg
2003,F,,Antoine Walker,Antoine Walker,,881,ppg · 20.1 ppg · 7.2 rpg · 4.8 apg
2003,G,,Michael Jordan,Michael Jordan,,1035,ppg · 20.0 ppg · 3.8 apg
2003,F,,Shareef Abdur-Rahim,Shareef Abdur-Rahim,,3,ppg · 19.9 ppg · 8.4 rpg
2003,G,,Sam Cassell,Sam Cassell,,138,ppg · 19.7 ppg · 5.8 apg
2003,G,,Richard Hamilton (basketball),Richard Hamilton,,294,ppg · 19.7 ppg
2003,G,,Michael Finley,Michael Finley,,242,ppg · 19.3 ppg
2003,F,,Peja Stojaković,Peja Stojakovic,,813,ppg · 19.2 ppg
2003,F,,Pau Gasol,Pau Gasol,,996,ppg · 19.0 ppg · 8.8 rpg
2003,G,,Jason Kidd,Jason Kidd,,429,ppg · 18.7 ppg · 8.9 apg
2003,G,,Eddie Jones (basketball),Eddie Jones,,402,ppg · 18.5 ppg · 3.7 apg
2003,F,,Elton Brand,Elton Brand,,91,ppg · 18.5 ppg · 11.3 rpg
2003,F,,Juwan Howard,Juwan Howard,,351,ppg · 18.4 ppg · 7.6 rpg
2003,G,,Gilbert Arenas,Gilbert Arenas,,974,ppg · 18.3 ppg · 6.3 apg
2003,F,,Rashard Lewis,Rashard Lewis,,469,ppg · 18.1 ppg · 6.5 rpg
2003,F,,Rasheed Wallace,Rasheed Wallace,,883,ppg · 18.1 ppg · 7.4 rpg
2003,G,,Steve Nash,Steve Nash,,592,ppg · 17.7 ppg · 7.3 apg
2003,F,,Ben Wallace (basketball),Ben Wallace,,885,rpg · 15.4 rpg
2003,F,,Brian Grant,Brian Grant,,280,rpg · 10.2 rpg
2003,F,,Troy Murphy,Troy Murphy,,1013,rpg · 10.2 rpg
2003,F,,Jerome Williams (basketball),Jerome Williams,,930,rpg · 9.2 rpg
2003,C,,Michael Olowokandi,Michael Olowokandi,,621,rpg · 9.1 rpg
2003,G,,"Jason Williams (basketball, born 1975)",Jason Williams,,933,apg · 8.3 apg
2003,G,,John Stockton,John Stockton,,812,apg · 7.7 apg
2003,G,,Jamaal Tinsley,Jamaal Tinsley,,1024,apg · 7.5 apg
2003,G,,Jason Terry,Jason Terry,,841,apg · 17.2 ppg · 7.4 apg
2003,G,,Andre Miller,Andre Miller,,557,apg · 6.7 apg
2004,G,,Tracy McGrady,Tracy McGrady,,532,ppg · 28.0 ppg · 5.5 apg
2004,G,,Allen Iverson,Allen Iverson,,366,ppg · 26.4 ppg · 6.8 apg
2004,F,,Peja Stojaković,Peja Stojakovic,,813,ppg · 24.2 ppg
2004,F,,Kevin Garnett,Kevin Garnett,,261,ppg · 24.2 ppg · 13.9 rpg · 5.0 apg
2004,F,,Kobe Bryant,Kobe Bryant,,110,ppg · 24.0 ppg · 5.1 apg
2004,G,,Ray Allen,Ray Allen,,9,ppg · 23.0 ppg · 4.8 apg
2004,F,,Paul Pierce,Paul Pierce,,662,ppg · 23.0 ppg · 6.5 rpg · 5.1 apg
2004,G,,Baron Davis,Baron Davis,,194,ppg · 22.9 ppg · 7.5 apg
2004,G,,Vince Carter,Vince Carter,,136,ppg · 22.5 ppg · 4.8 apg
2004,C,,Tim Duncan,Tim Duncan,,215,ppg · 22.3 ppg · 12.4 rpg
2004,F,,Dirk Nowitzki,Dirk Nowitzki,,609,ppg · 21.8 ppg · 8.7 rpg
2004,G,,Michael Redd,Michael Redd,,692,ppg · 21.7 ppg
2004,C,,Shaquille O'Neal,Shaquille O'Neal,,614,ppg · 21.5 ppg · 11.5 rpg
2004,F,,Carmelo Anthony,Carmelo Anthony,,1975,ppg · 21.0 ppg
2004,F,,LeBron James,LeBron James,,1966,ppg · 20.9 ppg · 5.9 apg
2004,F,,Jamal Mashburn,Jamal Mashburn,,516,ppg · 20.8 ppg
2004,F,,Corey Maggette,Corey Maggette,,497,ppg · 20.7 ppg
2004,C,,Amar'e Stoudemire,Amar'e Stoudemire,,1727,ppg · 20.6 ppg · 9.0 rpg
2004,G,,Stephon Marbury,Stephon Marbury,,509,ppg · 20.2 ppg · 8.9 apg
2004,C,,Jermaine O'Neal,Jermaine O'Neal,,615,ppg · 20.1 ppg · 10.0 rpg
2004,F,,Zach Randolph,Zach Randolph,,1017,ppg · 20.1 ppg · 10.5 rpg
2004,F,,Elton Brand,Elton Brand,,91,ppg · 20.0 ppg · 10.3 rpg
2004,G,,Sam Cassell,Sam Cassell,,138,ppg · 19.8 ppg · 7.3 apg
2004,G,,Gilbert Arenas,Gilbert Arenas,,974,ppg · 19.6 ppg · 5.0 apg
2004,G,,Shawn Marion,Shawn Marion,,510,ppg · 19.0 ppg · 9.3 rpg
2004,G,,Larry Hughes,Larry Hughes,,356,ppg · 18.8 ppg
2004,G,,Jason Richardson,Jason Richardson,,1018,ppg · 18.7 ppg · 6.7 rpg
2004,C,,Chris Webber,Chris Webber,,897,ppg · 18.7 ppg · 8.7 rpg · 4.6 apg
2004,G,,Michael Finley,Michael Finley,,242,ppg · 18.6 ppg
2004,G,,Allan Houston,Allan Houston,,349,ppg · 18.5 ppg
2004,F,,Richard Jefferson,Richard Jefferson,,1006,ppg · 18.5 ppg · 3.8 apg
2004,G,,Mike Bibby,Mike Bibby,,61,ppg · 18.4 ppg · 5.4 apg
2004,F,,,Metta World Peace,,25,ppg · 18.3 ppg
2004,F,,Stephen Jackson,Stephen Jackson,,378,ppg · 18.1 ppg
2004,F,,Rashard Lewis,Rashard Lewis,,469,ppg · 17.8 ppg · 6.5 rpg
2004,F,,Pau Gasol,Pau Gasol,,996,ppg · 17.7 ppg · 7.7 rpg
2004,G,,Richard Hamilton (basketball),Richard Hamilton,,294,ppg · 17.6 ppg · 4.0 apg
2004,C,,Yao Ming,Yao Ming,,1722,ppg · 17.5 ppg · 9.0 rpg
2004,G,,Eddie Jones (basketball),Eddie Jones,,402,ppg · 17.3 ppg
2004,G,,Jamal Crawford,Jamal Crawford,,165,ppg · 17.3 ppg · 5.1 apg
2004,F,,Ben Wallace (basketball),Ben Wallace,,885,rpg · 12.4 rpg
2004,C,,Erick Dampier,Erick Dampier,,181,rpg · 12.0 rpg
2004,F,,Carlos Boozer,Carlos Boozer,,1703,rpg · 15.5 ppg · 11.4 rpg
2004,C,,Jamaal Magloire,Jamaal Magloire,,498,rpg · 10.3 rpg
2004,C,,Brad Miller (basketball),Brad Miller,,556,rpg · 10.3 rpg · 4.3 apg
2004,G,,Jason Kidd,Jason Kidd,,429,apg · 15.5 ppg · 6.4 rpg · 9.2 apg
2004,G,,Steve Nash,Steve Nash,,592,apg · 8.8 apg
2004,G,,Eric Snow,Eric Snow,,796,apg · 6.9 apg
2004,G,,"Jason Williams (basketball, born 1975)",Jason Williams,,933,apg · 6.8 apg
2004,G,,Kirk Hinrich,Kirk Hinrich,,1981,apg · 6.8 apg
2005,G,,Allen Iverson,Allen Iverson,,366,ppg · 30.7 ppg · 7.9 apg
2005,F,,Kobe Bryant,Kobe Bryant,,110,ppg · 27.6 ppg · 6.0 apg
2005,F,,LeBron James,LeBron James,,1966,ppg · 27.2 ppg · 7.3 rpg · 7.2 apg
2005,F,,Dirk Nowitzki,Dirk Nowitzki,,609,ppg · 26.1 ppg · 9.7 rpg
2005,C,,Amar'e Stoudemire,Amar'e Stoudemire,,1727,ppg · 26.0 ppg · 8.9 rpg
2005,G,,Tracy McGrady,Tracy McGrady,,532,ppg · 25.7 ppg · 5.7 apg
2005,G,,Gilbert Arenas,Gilbert Arenas,,974,ppg · 25.5 ppg · 5.1 apg
2005,F,,,Metta World Peace,,25,ppg · 24.6 ppg · 6.4 rpg
2005,G,,Vince Carter,Vince Carter,,136,ppg · 24.5 ppg · 4.2 apg
2005,C,,Jermaine O'Neal,Jermaine O'Neal,,615,ppg · 24.3 ppg · 8.8 rpg
2005,G,,Dwyane Wade,Dwyane Wade,,1987,ppg · 24.1 ppg · 6.8 apg
2005,G,,Ray Allen,Ray Allen,,9,ppg · 23.9 ppg
2005,G,,Michael Redd,Michael Redd,,692,ppg · 23.0 ppg
2005,C,,Shaquille O'Neal,Shaquille O'Neal,,614,ppg · 22.9 ppg · 10.4 rpg
2005,F,,Richard Jefferson,Richard Jefferson,,1006,ppg · 22.2 ppg · 7.3 rpg · 4.0 apg
2005,F,,Corey Maggette,Corey Maggette,,497,ppg · 22.2 ppg
2005,F,,Kevin Garnett,Kevin Garnett,,261,ppg · 22.2 ppg · 13.5 rpg · 5.7 apg
2005,G,,Larry Hughes,Larry Hughes,,356,ppg · 22.0 ppg · 4.7 apg
2005,G,,Stephon Marbury,Stephon Marbury,,509,ppg · 21.7 ppg · 8.1 apg
2005,G,,Jason Richardson,Jason Richardson,,1018,ppg · 21.7 ppg · 3.9 apg
2005,F,,Paul Pierce,Paul Pierce,,662,ppg · 21.6 ppg · 6.6 rpg · 4.2 apg
2005,G,,Steve Francis,Steve Francis,,255,ppg · 21.3 ppg · 7.0 apg
2005,F,,Carmelo Anthony,Carmelo Anthony,,1975,ppg · 20.8 ppg
2005,F,,Rashard Lewis,Rashard Lewis,,469,ppg · 20.5 ppg
2005,C,,Tim Duncan,Tim Duncan,,215,ppg · 20.3 ppg · 11.1 rpg
2005,F,,Peja Stojaković,Peja Stojakovic,,813,ppg · 20.1 ppg
2005,F,,Elton Brand,Elton Brand,,91,ppg · 20.0 ppg · 9.5 rpg
2005,F,,Grant Hill,Grant Hill,,336,ppg · 19.7 ppg
2005,G,,Mike Bibby,Mike Bibby,,61,ppg · 19.6 ppg · 6.8 apg
2005,F,,Antawn Jamison,Antawn Jamison,,385,ppg · 19.6 ppg · 7.6 rpg
2005,C,,Chris Webber,Chris Webber,,897,ppg · 19.5 ppg · 9.1 rpg · 4.7 apg
2005,G,,Shawn Marion,Shawn Marion,,510,ppg · 19.4 ppg · 11.3 rpg
2005,G,,Baron Davis,Baron Davis,,194,ppg · 19.2 ppg · 7.9 apg
2005,F,,Antoine Walker,Antoine Walker,,881,ppg · 19.1 ppg · 9.0 rpg
2005,F,,Zach Randolph,Zach Randolph,,1017,ppg · 18.9 ppg · 9.6 rpg
2005,G,,Richard Hamilton (basketball),Richard Hamilton,,294,ppg · 18.7 ppg · 4.9 apg
2005,F,,Stephen Jackson,Stephen Jackson,,378,ppg · 18.7 ppg
2005,G,,Jalen Rose,Jalen Rose,,738,ppg · 18.5 ppg
2005,C,,Yao Ming,Yao Ming,,1722,ppg · 18.3 ppg · 8.4 rpg
2005,F,,Carlos Boozer,Carlos Boozer,,1703,ppg · 17.8 ppg · 9.0 rpg
2005,F,,Ben Wallace (basketball),Ben Wallace,,885,rpg · 12.2 rpg
2005,C,,Emeka Okafor,Emeka Okafor,,2399,rpg · 10.9 rpg
2005,F,,Troy Murphy,Troy Murphy,,1013,rpg · 10.8 rpg
2005,F,,Kurt Thomas (basketball),Kurt Thomas,,846,rpg · 10.4 rpg
2005,F,,Lamar Odom,Lamar Odom,,617,rpg · 10.2 rpg
2005,G,,Steve Nash,Steve Nash,,592,apg · 11.5 apg
2005,G,,Brevin Knight,Brevin Knight,,440,apg · 9.0 apg
2005,G,,Jason Kidd,Jason Kidd,,429,apg · 7.4 rpg · 8.3 apg
2005,G,,Andre Miller,Andre Miller,,557,apg · 6.9 apg
2005,G,,Rafer Alston,Rafer Alston,,11,apg · 6.4 apg
2006,F,,Kobe Bryant,Kobe Bryant,,110,ppg · 35.4 ppg · 4.5 apg
2006,G,,Allen Iverson,Allen Iverson,,366,ppg · 33.0 ppg · 7.4 apg
2006,F,,LeBron James,LeBron James,,1966,ppg · 31.4 ppg · 7.0 rpg · 6.6 apg
2006,G,,Gilbert Arenas,Gilbert Arenas,,974,ppg · 29.3 ppg · 6.1 apg
2006,G,,Dwyane Wade,Dwyane Wade,,1987,ppg · 27.2 ppg · 6.7 apg
2006,F,,Paul Pierce,Paul Pierce,,662,ppg · 26.8 ppg · 6.7 rpg · 4.7 apg
2006,F,,Dirk Nowitzki,Dirk Nowitzki,,609,ppg · 26.6 ppg · 9.0 rpg
2006,F,,Carmelo Anthony,Carmelo Anthony,,1975,ppg · 26.5 ppg
2006,G,,Michael Redd,Michael Redd,,692,ppg · 25.4 ppg
2006,G,,Ray Allen,Ray Allen,,9,ppg · 25.1 ppg · 3.7 apg
2006,F,,Elton Brand,Elton Brand,,91,ppg · 24.7 ppg · 10.0 rpg
2006,G,,Tracy McGrady,Tracy McGrady,,532,ppg · 24.4 ppg · 6.5 rpg · 4.8 apg
2006,G,,Vince Carter,Vince Carter,,136,ppg · 24.2 ppg · 4.3 apg
2006,G,,Jason Richardson,Jason Richardson,,1018,ppg · 23.2 ppg
2006,F,,Chris Bosh,Chris Bosh,,1977,ppg · 22.5 ppg · 9.2 rpg
2006,C,,Yao Ming,Yao Ming,,1722,ppg · 22.3 ppg · 10.2 rpg
2006,G,,Shawn Marion,Shawn Marion,,510,ppg · 21.8 ppg · 11.8 rpg
2006,F,,Kevin Garnett,Kevin Garnett,,261,ppg · 21.8 ppg · 12.7 rpg · 4.1 apg
2006,G,,Mike Bibby,Mike Bibby,,61,ppg · 21.1 ppg · 5.4 apg
2006,F,,Antawn Jamison,Antawn Jamison,,385,ppg · 20.5 ppg · 9.3 rpg
2006,F,,Pau Gasol,Pau Gasol,,996,ppg · 20.4 ppg · 8.9 rpg · 4.6 apg
2006,G,,"Mike James (basketball, born 1975)",Mike James,,1051,ppg · 20.3 ppg · 5.8 apg
2006,C,,Chris Webber,Chris Webber,,897,ppg · 20.2 ppg · 9.9 rpg
2006,G,,Joe Johnson (basketball),Joe Johnson,,1007,ppg · 20.2 ppg · 6.5 apg
2006,G,,Richard Hamilton (basketball),Richard Hamilton,,294,ppg · 20.1 ppg
2006,F,,Rashard Lewis,Rashard Lewis,,469,ppg · 20.1 ppg
2006,C,,Jermaine O'Neal,Jermaine O'Neal,,615,ppg · 20.1 ppg · 9.3 rpg
2006,C,,Shaquille O'Neal,Shaquille O'Neal,,614,ppg · 20.0 ppg · 9.2 rpg
2006,F,,Richard Jefferson,Richard Jefferson,,1006,ppg · 19.5 ppg · 6.8 rpg · 3.8 apg
2006,G,,Ricky Davis,Ricky Davis,,193,ppg · 19.4 ppg · 5.1 apg
2006,G,,Wally Szczerbiak,Wally Szczerbiak,,831,ppg · 19.0 ppg
2006,G,,Tony Parker,Tony Parker,,1015,ppg · 18.9 ppg · 5.8 apg
2006,G,,Steve Nash,Steve Nash,,592,ppg · 18.8 ppg · 10.5 apg
2006,F,,Al Harrington,Al Harrington,,308,ppg · 18.6 ppg · 6.9 rpg
2006,C,,Tim Duncan,Tim Duncan,,215,ppg · 18.6 ppg · 11.0 rpg
2006,G,,Chauncey Billups,Chauncey Billups,,63,ppg · 18.5 ppg · 8.6 apg
2006,F,,Peja Stojaković,Peja Stojakovic,,813,ppg · 18.2 ppg
2006,F,,Zach Randolph,Zach Randolph,,1017,ppg · 18.0 ppg · 8.0 rpg
2006,C,,Mehmet Okur,Mehmet Okur,,1014,ppg · 18.0 ppg · 9.1 rpg
2006,G,,Baron Davis,Baron Davis,,194,ppg · 17.9 ppg · 8.9 apg
2006,C,,Dwight Howard,Dwight Howard,,2384,rpg · 15.8 ppg · 12.5 rpg
2006,C,,Marcus Camby,Marcus Camby,,125,rpg · 11.9 rpg
2006,F,,Ben Wallace (basketball),Ben Wallace,,885,rpg · 11.3 rpg
2006,F,,Troy Murphy,Troy Murphy,,1013,rpg · 10.0 rpg
2006,C,,Emeka Okafor,Emeka Okafor,,2399,rpg · 10.0 rpg
2006,G,,Brevin Knight,Brevin Knight,,440,apg · 8.8 apg
2006,G,,Jason Kidd,Jason Kidd,,429,apg · 7.2 rpg · 8.4 apg
2006,G,,Andre Miller,Andre Miller,,557,apg · 8.2 apg
2006,G,,Chris Paul,Chris Paul,,2779,apg · 16.1 ppg · 7.8 apg
2006,G,,Luke Ridnour,Luke Ridnour,,1985,apg · 7.0 apg
2007,F,,Kobe Bryant,Kobe Bryant,,110,ppg · 31.6 ppg · 5.4 apg
2007,F,,Carmelo Anthony,Carmelo Anthony,,1975,ppg · 28.9 ppg · 3.8 apg
2007,G,,Gilbert Arenas,Gilbert Arenas,,974,ppg · 28.4 ppg · 6.0 apg
2007,G,,Dwyane Wade,Dwyane Wade,,1987,ppg · 27.4 ppg · 7.5 apg
2007,F,,LeBron James,LeBron James,,1966,ppg · 27.3 ppg · 6.7 rpg · 6.0 apg
2007,G,,Michael Redd,Michael Redd,,692,ppg · 26.7 ppg
2007,G,,Ray Allen,Ray Allen,,9,ppg · 26.4 ppg · 4.1 apg
2007,G,,Allen Iverson,Allen Iverson,,366,ppg · 26.3 ppg · 7.2 apg
2007,G,,Vince Carter,Vince Carter,,136,ppg · 25.2 ppg · 4.8 apg
2007,C,,Yao Ming,Yao Ming,,1722,ppg · 25.0 ppg · 9.4 rpg
2007,G,,Joe Johnson (basketball),Joe Johnson,,1007,ppg · 25.0 ppg · 4.4 apg
2007,F,,Paul Pierce,Paul Pierce,,662,ppg · 25.0 ppg · 4.1 apg
2007,G,,Tracy McGrady,Tracy McGrady,,532,ppg · 24.6 ppg · 6.5 apg
2007,F,,Dirk Nowitzki,Dirk Nowitzki,,609,ppg · 24.6 ppg · 8.9 rpg
2007,F,,Zach Randolph,Zach Randolph,,1017,ppg · 23.6 ppg · 10.1 rpg
2007,F,,Chris Bosh,Chris Bosh,,1977,ppg · 22.6 ppg · 10.7 rpg
2007,F,,Kevin Garnett,Kevin Garnett,,261,ppg · 22.4 ppg · 12.8 rpg · 4.1 apg
2007,F,,Rashard Lewis,Rashard Lewis,,469,ppg · 22.4 ppg · 6.6 rpg
2007,G,,Ben Gordon,Ben Gordon,,2381,ppg · 21.4 ppg
2007,F,,Carlos Boozer,Carlos Boozer,,1703,ppg · 20.9 ppg · 11.7 rpg
2007,F,,Pau Gasol,Pau Gasol,,996,ppg · 20.8 ppg · 9.8 rpg
2007,F,,Elton Brand,Elton Brand,,91,ppg · 20.5 ppg · 9.3 rpg
2007,C,,Amar'e Stoudemire,Amar'e Stoudemire,,1727,ppg · 20.4 ppg · 9.6 rpg
2007,G,,"Kevin Martin (basketball, born 1983)",Kevin Martin,,2394,ppg · 20.2 ppg
2007,G,,Baron Davis,Baron Davis,,194,ppg · 20.1 ppg · 8.1 apg
2007,C,,Tim Duncan,Tim Duncan,,215,ppg · 20.0 ppg · 10.6 rpg
2007,F,,Antawn Jamison,Antawn Jamison,,385,ppg · 19.8 ppg · 8.0 rpg
2007,G,,Richard Hamilton (basketball),Richard Hamilton,,294,ppg · 19.8 ppg
2007,F,,Eddy Curry,Eddy Curry,,990,ppg · 19.5 ppg · 7.0 rpg
2007,C,,Jermaine O'Neal,Jermaine O'Neal,,615,ppg · 19.4 ppg · 9.6 rpg
2007,F,,Caron Butler,Caron Butler,,1705,ppg · 19.1 ppg · 7.4 rpg
2007,F,,Josh Howard,Josh Howard,,2006,ppg · 18.9 ppg · 6.8 rpg
2007,F,,,Metta World Peace,,25,ppg · 18.8 ppg · 6.5 rpg
2007,F,,Luol Deng,Luol Deng,,2429,ppg · 18.8 ppg · 7.1 rpg
2007,G,,Steve Nash,Steve Nash,,592,ppg · 18.6 ppg · 11.6 apg
2007,G,,Tony Parker,Tony Parker,,1015,ppg · 18.6 ppg · 5.5 apg
2007,G,,"Mike Miller (basketball, born 1980)",Mike Miller,,558,ppg · 18.5 ppg · 4.3 apg
2007,F,,David West (basketball),David West,,2177,ppg · 18.2 ppg · 8.2 rpg
2007,F,,Andre Iguodala,Andre Iguodala,,2386,ppg · 18.2 ppg · 5.7 apg
2007,F,,Gerald Wallace,Gerald Wallace,,1026,ppg · 18.1 ppg · 7.2 rpg
2007,C,,Tyson Chandler,Tyson Chandler,,984,rpg · 12.4 rpg
2007,C,,Dwight Howard,Dwight Howard,,2384,rpg · 17.6 ppg · 12.3 rpg
2007,C,,Marcus Camby,Marcus Camby,,125,rpg · 11.7 rpg
2007,C,,Emeka Okafor,Emeka Okafor,,2399,rpg · 11.3 rpg
2007,C,,Al Jefferson,Al Jefferson,,2389,rpg · 11.0 rpg
2007,G,,Deron Williams,Deron Williams,,2798,apg · 9.3 apg
2007,G,,Jason Kidd,Jason Kidd,,429,apg · 8.2 rpg · 9.2 apg
2007,G,,Chris Paul,Chris Paul,,2779,apg · 17.2 ppg · 8.9 apg
2007,G,,T. J. Ford,T.J. Ford,,1979,apg · 7.9 apg
2007,G,,Andre Miller,Andre Miller,,557,apg · 7.8 apg
2008,F,,LeBron James,LeBron James,,1966,ppg · 30.0 ppg · 7.9 rpg · 7.2 apg
2008,F,,Kobe Bryant,Kobe Bryant,,110,ppg · 28.3 ppg · 6.3 rpg · 5.4 apg
2008,G,,Allen Iverson,Allen Iverson,,366,ppg · 26.4 ppg · 7.1 apg
2008,F,,Carmelo Anthony,Carmelo Anthony,,1975,ppg · 25.7 ppg · 7.4 rpg
2008,C,,Amar'e Stoudemire,Amar'e Stoudemire,,1727,ppg · 25.2 ppg · 9.1 rpg
2008,G,,Dwyane Wade,Dwyane Wade,,1987,ppg · 24.6 ppg · 6.9 apg
2008,G,,"Kevin Martin (basketball, born 1983)",Kevin Martin,,2394,ppg · 23.7 ppg
2008,F,,Dirk Nowitzki,Dirk Nowitzki,,609,ppg · 23.6 ppg · 8.6 rpg
2008,G,,Michael Redd,Michael Redd,,692,ppg · 22.7 ppg
2008,F,,Richard Jefferson,Richard Jefferson,,1006,ppg · 22.6 ppg
2008,F,,Chris Bosh,Chris Bosh,,1977,ppg · 22.3 ppg · 8.7 rpg
2008,F,,Corey Maggette,Corey Maggette,,497,ppg · 22.1 ppg
2008,C,,Yao Ming,Yao Ming,,1722,ppg · 22.0 ppg · 10.8 rpg
2008,G,,Baron Davis,Baron Davis,,194,ppg · 21.8 ppg · 7.6 apg
2008,G,,Jason Richardson,Jason Richardson,,1018,ppg · 21.8 ppg
2008,G,,Joe Johnson (basketball),Joe Johnson,,1007,ppg · 21.7 ppg · 5.8 apg
2008,G,,Tracy McGrady,Tracy McGrady,,532,ppg · 21.6 ppg · 5.9 apg
2008,F,,Antawn Jamison,Antawn Jamison,,385,ppg · 21.4 ppg · 10.2 rpg
2008,G,,Vince Carter,Vince Carter,,136,ppg · 21.3 ppg · 5.1 apg
2008,F,,Carlos Boozer,Carlos Boozer,,1703,ppg · 21.1 ppg · 10.4 rpg
2008,G,,Chris Paul,Chris Paul,,2779,ppg · 21.0 ppg · 11.6 apg
2008,C,,Al Jefferson,Al Jefferson,,2389,ppg · 21.0 ppg · 11.1 rpg
2008,C,,Dwight Howard,Dwight Howard,,2384,ppg · 20.7 ppg · 14.2 rpg
2008,F,,David West (basketball),David West,,2177,ppg · 20.6 ppg · 8.9 rpg
2008,G,,Jamal Crawford,Jamal Crawford,,165,ppg · 20.6 ppg · 5.0 apg
2008,F,,,Metta World Peace,,25,ppg · 20.5 ppg
2008,F,,Caron Butler,Caron Butler,,1705,ppg · 20.3 ppg · 6.7 rpg · 4.9 apg
2008,F,,Kevin Durant,Kevin Durant,,3202,ppg · 20.3 ppg
2008,G,,Monta Ellis,Monta Ellis,,2751,ppg · 20.2 ppg · 3.9 apg
2008,F,,Rudy Gay,Rudy Gay,,3005,ppg · 20.1 ppg
2008,F,,Stephen Jackson,Stephen Jackson,,378,ppg · 20.1 ppg · 4.1 apg
2008,F,,Josh Howard,Josh Howard,,2006,ppg · 19.9 ppg · 7.0 rpg
2008,F,,Andre Iguodala,Andre Iguodala,,2386,ppg · 19.9 ppg · 4.8 apg
2008,F,,Paul Pierce,Paul Pierce,,662,ppg · 19.6 ppg · 4.5 apg
2008,F,,Danny Granger,Danny Granger,,2760,ppg · 19.6 ppg
2008,F,,Hedo Türkoğlu,Hedo Turkoglu,,862,ppg · 19.5 ppg · 5.0 apg
2008,G,,Manu Ginóbili,Manu Ginobili,,272,ppg · 19.5 ppg · 4.5 apg
2008,G,,Gilbert Arenas,Gilbert Arenas,,974,ppg · 19.4 ppg · 5.1 apg
2008,F,,Gerald Wallace,Gerald Wallace,,1026,ppg · 19.4 ppg
2008,C,,Tim Duncan,Tim Duncan,,215,ppg · 19.3 ppg · 11.3 rpg
2008,C,,Marcus Camby,Marcus Camby,,125,rpg · 13.1 rpg
2008,C,,Chris Kaman,Chris Kaman,,1982,rpg · 12.7 rpg
2008,C,,Tyson Chandler,Tyson Chandler,,984,rpg · 11.7 rpg
2008,C,,Emeka Okafor,Emeka Okafor,,2399,rpg · 10.7 rpg
2008,F,,Lamar Odom,Lamar Odom,,617,rpg · 10.6 rpg
2008,G,,Steve Nash,Steve Nash,,592,apg · 16.9 ppg · 11.1 apg
2008,G,,Deron Williams,Deron Williams,,2798,apg · 18.8 ppg · 10.5 apg
2008,G,,Jason Kidd,Jason Kidd,,429,apg · 7.5 rpg · 10.1 apg
2008,G,,Jamaal Tinsley,Jamaal Tinsley,,1024,apg · 8.4 apg
2008,G,,,Jose Calderon,,2806,apg · 8.3 apg
2009,G,,Dwyane Wade,Dwyane Wade,,1987,ppg · 30.2 ppg · 7.5 apg
2009,F,,LeBron James,LeBron James,,1966,ppg · 28.4 ppg · 7.6 rpg · 7.2 apg
2009,F,,Kobe Bryant,Kobe Bryant,,110,ppg · 26.8 ppg · 4.9 apg
2009,F,,Dirk Nowitzki,Dirk Nowitzki,,609,ppg · 25.9 ppg · 8.4 rpg
2009,F,,Danny Granger,Danny Granger,,2760,ppg · 25.8 ppg
2009,F,,Kevin Durant,Kevin Durant,,3202,ppg · 25.3 ppg
2009,G,,"Kevin Martin (basketball, born 1983)",Kevin Martin,,2394,ppg · 24.6 ppg
2009,C,,Al Jefferson,Al Jefferson,,2389,ppg · 23.1 ppg · 11.0 rpg
2009,G,,Chris Paul,Chris Paul,,2779,ppg · 22.8 ppg · 11.0 apg
2009,F,,Carmelo Anthony,Carmelo Anthony,,1975,ppg · 22.8 ppg · 6.8 rpg
2009,F,,Chris Bosh,Chris Bosh,,1977,ppg · 22.7 ppg · 10.0 rpg
2009,G,,Brandon Roy,Brandon Roy,,3027,ppg · 22.6 ppg · 5.1 apg
2009,F,,Antawn Jamison,Antawn Jamison,,385,ppg · 22.2 ppg · 8.9 rpg
2009,G,,Tony Parker,Tony Parker,,1015,ppg · 22.0 ppg · 6.9 apg
2009,C,,Amar'e Stoudemire,Amar'e Stoudemire,,1727,ppg · 21.4 ppg · 8.1 rpg
2009,G,,Joe Johnson (basketball),Joe Johnson,,1007,ppg · 21.4 ppg · 5.8 apg
2009,G,,Devin Harris,Devin Harris,,2382,ppg · 21.3 ppg · 6.9 apg
2009,G,,Michael Redd,Michael Redd,,692,ppg · 21.2 ppg
2009,F,,David West (basketball),David West,,2177,ppg · 21.0 ppg · 8.5 rpg
2009,F,,Zach Randolph,Zach Randolph,,1017,ppg · 20.8 ppg · 10.1 rpg
2009,F,,Caron Butler,Caron Butler,,1705,ppg · 20.8 ppg · 4.3 apg
2009,G,,Vince Carter,Vince Carter,,136,ppg · 20.8 ppg · 4.7 apg
2009,F,,Stephen Jackson,Stephen Jackson,,378,ppg · 20.7 ppg · 6.5 apg
2009,G,,Ben Gordon,Ben Gordon,,2381,ppg · 20.7 ppg
2009,C,,Dwight Howard,Dwight Howard,,2384,ppg · 20.6 ppg · 13.8 rpg
2009,F,,Paul Pierce,Paul Pierce,,662,ppg · 20.5 ppg · 3.6 apg
2009,F,,Al Harrington,Al Harrington,,308,ppg · 20.1 ppg
2009,G,,Jamal Crawford,Jamal Crawford,,165,ppg · 19.7 ppg · 4.4 apg
2009,C,,Yao Ming,Yao Ming,,1722,ppg · 19.7 ppg · 9.9 rpg
2009,F,,Richard Jefferson,Richard Jefferson,,1006,ppg · 19.6 ppg
2009,G,,Jason Terry,Jason Terry,,841,ppg · 19.6 ppg
2009,G,,Deron Williams,Deron Williams,,2798,ppg · 19.4 ppg · 10.7 apg
2009,C,,Tim Duncan,Tim Duncan,,215,ppg · 19.3 ppg · 10.7 rpg · 3.5 apg
2009,G,,Monta Ellis,Monta Ellis,,2751,ppg · 19.0 ppg · 3.7 apg
2009,F,,Rudy Gay,Rudy Gay,,3005,ppg · 18.9 ppg
2009,F,,Pau Gasol,Pau Gasol,,996,ppg · 18.9 ppg · 9.6 rpg
2009,F,,Andre Iguodala,Andre Iguodala,,2386,ppg · 18.8 ppg · 5.3 apg
2009,F,,Corey Maggette,Corey Maggette,,497,ppg · 18.6 ppg
2009,G,,O. J. Mayo,O.J. Mayo,,3450,ppg · 18.5 ppg
2009,F,,John Salmons,John Salmons,,1726,ppg · 18.3 ppg
2009,F,,Troy Murphy,Troy Murphy,,1013,rpg · 11.8 rpg
2009,F,,David Lee (basketball),David Lee,,2772,rpg · 11.7 rpg
2009,C,,Andris Biedriņš,Andris Biedrins,,2427,rpg · 11.2 rpg
2009,C,,Marcus Camby,Marcus Camby,,125,rpg · 11.1 rpg
2009,F,,Carlos Boozer,Carlos Boozer,,1703,rpg · 10.4 rpg
2009,G,,Gilbert Arenas,Gilbert Arenas,,974,apg · 10.0 apg
2009,G,,Steve Nash,Steve Nash,,592,apg · 9.7 apg
2009,G,,,Jose Calderon,,2806,apg · 8.9 apg
2009,G,,Jason Kidd,Jason Kidd,,429,apg · 8.7 apg
2009,G,,Rajon Rondo,Rajon Rondo,,3026,apg · 8.2 apg
2010,F,,Kevin Durant,Kevin Durant,,3202,ppg · 30.1 ppg · 7.6 rpg
2010,F,,LeBron James,LeBron James,,1966,ppg · 29.7 ppg · 7.3 rpg · 8.6 apg
2010,F,,Carmelo Anthony,Carmelo Anthony,,1975,ppg · 28.2 ppg · 6.6 rpg
2010,F,,Kobe Bryant,Kobe Bryant,,110,ppg · 27.0 ppg · 5.0 apg
2010,G,,Dwyane Wade,Dwyane Wade,,1987,ppg · 26.6 ppg · 6.5 apg
2010,G,,Monta Ellis,Monta Ellis,,2751,ppg · 25.5 ppg · 5.3 apg
2010,F,,Dirk Nowitzki,Dirk Nowitzki,,609,ppg · 25.0 ppg · 7.7 rpg
2010,F,,Danny Granger,Danny Granger,,2760,ppg · 24.1 ppg
2010,F,,Chris Bosh,Chris Bosh,,1977,ppg · 24.0 ppg · 10.8 rpg
2010,C,,Amar'e Stoudemire,Amar'e Stoudemire,,1727,ppg · 23.1 ppg · 8.9 rpg
2010,G,,Gilbert Arenas,Gilbert Arenas,,974,ppg · 22.6 ppg · 7.2 apg
2010,G,,Brandon Roy,Brandon Roy,,3027,ppg · 21.5 ppg · 4.7 apg
2010,G,,Joe Johnson (basketball),Joe Johnson,,1007,ppg · 21.3 ppg · 4.9 apg
2010,G,,Derrick Rose,Derrick Rose,,3456,ppg · 20.8 ppg · 6.0 apg
2010,F,,Zach Randolph,Zach Randolph,,1017,ppg · 20.8 ppg · 11.7 rpg
2010,F,,Stephen Jackson,Stephen Jackson,,378,ppg · 20.6 ppg · 3.7 apg
2010,G,,"Kevin Martin (basketball, born 1983)",Kevin Martin,,2394,ppg · 20.6 ppg
2010,F,,David Lee (basketball),David Lee,,2772,ppg · 20.2 ppg · 11.7 rpg · 3.6 apg
2010,G,,Tyreke Evans,Tyreke Evans,,3983,ppg · 20.1 ppg · 5.8 apg
2010,F,,Corey Maggette,Corey Maggette,,497,ppg · 19.8 ppg
2010,F,,Rudy Gay,Rudy Gay,,3005,ppg · 19.6 ppg
2010,G,,Aaron Brooks (basketball),Aaron Brooks,,3192,ppg · 19.6 ppg · 5.3 apg
2010,G,,Chauncey Billups,Chauncey Billups,,63,ppg · 19.5 ppg · 5.6 apg
2010,F,,Carlos Boozer,Carlos Boozer,,1703,ppg · 19.5 ppg · 11.2 rpg
2010,F,,David West (basketball),David West,,2177,ppg · 19.0 ppg · 7.5 rpg
2010,C,,Brook Lopez,Brook Lopez,,3448,ppg · 18.8 ppg · 8.6 rpg
2010,F,,Antawn Jamison,Antawn Jamison,,385,ppg · 18.7 ppg · 8.4 rpg
2010,G,,Chris Paul,Chris Paul,,2779,ppg · 18.7 ppg · 10.7 apg
2010,G,,Deron Williams,Deron Williams,,2798,ppg · 18.7 ppg · 10.5 apg
2010,C,,Chris Kaman,Chris Kaman,,1982,ppg · 18.5 ppg · 9.3 rpg
2010,C,,Dwight Howard,Dwight Howard,,2384,ppg · 18.3 ppg · 13.2 rpg
2010,F,,Pau Gasol,Pau Gasol,,996,ppg · 18.3 ppg · 11.3 rpg
2010,F,,Paul Pierce,Paul Pierce,,662,ppg · 18.3 ppg
2010,F,,Gerald Wallace,Gerald Wallace,,1026,ppg · 18.2 ppg · 10.0 rpg
2010,G,,Richard Hamilton (basketball),Richard Hamilton,,294,ppg · 18.1 ppg · 4.4 apg
2010,G,,Jamal Crawford,Jamal Crawford,,165,ppg · 18.0 ppg
2010,C,,Tim Duncan,Tim Duncan,,215,ppg · 17.9 ppg · 10.1 rpg
2010,C,,LaMarcus Aldridge,LaMarcus Aldridge,,2983,ppg · 17.9 ppg · 8.0 rpg
2010,F,,Al Harrington,Al Harrington,,308,ppg · 17.7 ppg
2010,F,,Luol Deng,Luol Deng,,2429,ppg · 17.6 ppg · 7.3 rpg
2010,C,,Marcus Camby,Marcus Camby,,125,rpg · 11.8 rpg
2010,C,,Joakim Noah,Joakim Noah,,3224,rpg · 11.0 rpg
2010,C,,Earl Barron,Earl Barron,,2477,rpg · 11.0 rpg
2010,F,,Kevin Love,Kevin Love,,3449,rpg · 11.0 rpg
2010,F,,Troy Murphy,Troy Murphy,,1013,rpg · 10.2 rpg
2010,G,,Steve Nash,Steve Nash,,592,apg · 16.5 ppg · 11.0 apg
2010,G,,Rajon Rondo,Rajon Rondo,,3026,apg · 9.8 apg
2010,G,,Jason Kidd,Jason Kidd,,429,apg · 9.1 apg
2010,G,,Baron Davis,Baron Davis,,194,apg · 8.0 apg
2010,G,,Russell Westbrook,Russell Westbrook,,3468,apg · 16.1 ppg · 8.0 apg
2011,F,,Kevin Durant,Kevin Durant,,3202,ppg · 27.7 ppg · 6.8 rpg
2011,F,,LeBron James,LeBron James,,1966,ppg · 26.7 ppg · 7.5 rpg · 7.0 apg
2011,F,,Carmelo Anthony,Carmelo Anthony,,1975,ppg · 25.6 ppg · 7.3 rpg
2011,G,,Dwyane Wade,Dwyane Wade,,1987,ppg · 25.5 ppg · 4.6 apg
2011,F,,Kobe Bryant,Kobe Bryant,,110,ppg · 25.3 ppg · 4.7 apg
2011,C,,Amar'e Stoudemire,Amar'e Stoudemire,,1727,ppg · 25.3 ppg · 8.2 rpg
2011,G,,Derrick Rose,Derrick Rose,,3456,ppg · 25.0 ppg · 7.7 apg
2011,G,,Monta Ellis,Monta Ellis,,2751,ppg · 24.1 ppg · 5.6 apg
2011,G,,"Kevin Martin (basketball, born 1983)",Kevin Martin,,2394,ppg · 23.5 ppg
2011,F,,Dirk Nowitzki,Dirk Nowitzki,,609,ppg · 23.0 ppg · 7.0 rpg
2011,C,,Dwight Howard,Dwight Howard,,2384,ppg · 22.9 ppg · 14.1 rpg
2011,F,,Blake Griffin,Blake Griffin,,3989,ppg · 22.5 ppg · 12.1 rpg · 3.8 apg
2011,G,,Eric Gordon,Eric Gordon,,3431,ppg · 22.3 ppg · 4.4 apg
2011,G,,Russell Westbrook,Russell Westbrook,,3468,ppg · 21.9 ppg · 8.2 apg
2011,C,,LaMarcus Aldridge,LaMarcus Aldridge,,2983,ppg · 21.8 ppg · 8.8 rpg
2011,C,,Andrea Bargnani,Andrea Bargnani,,2987,ppg · 21.4 ppg
2011,F,,Danny Granger,Danny Granger,,2760,ppg · 20.5 ppg
2011,C,,Brook Lopez,Brook Lopez,,3448,ppg · 20.4 ppg
2011,F,,Kevin Love,Kevin Love,,3449,ppg · 20.2 ppg · 15.2 rpg
2011,G,,Deron Williams,Deron Williams,,2798,ppg · 20.1 ppg · 10.3 apg
2011,F,,Zach Randolph,Zach Randolph,,1017,ppg · 20.1 ppg · 12.2 rpg
2011,F,,Rudy Gay,Rudy Gay,,3005,ppg · 19.8 ppg
2011,F,,Michael Beasley,Michael Beasley,,3418,ppg · 19.2 ppg
2011,F,,Paul Pierce,Paul Pierce,,662,ppg · 18.9 ppg
2011,F,,David West (basketball),David West,,2177,ppg · 18.9 ppg · 7.6 rpg
2011,F,,Pau Gasol,Pau Gasol,,996,ppg · 18.8 ppg · 10.2 rpg · 3.3 apg
2011,F,,Chris Bosh,Chris Bosh,,1977,ppg · 18.7 ppg · 8.3 rpg
2011,C,,Al Jefferson,Al Jefferson,,2389,ppg · 18.6 ppg · 9.7 rpg
2011,G,,Stephen Curry,Stephen Curry,,3975,ppg · 18.6 ppg · 5.8 apg
2011,F,,Stephen Jackson,Stephen Jackson,,378,ppg · 18.5 ppg · 3.6 apg
2011,F,,Luis Scola,Luis Scola,,1781,ppg · 18.3 ppg · 8.2 rpg
2011,G,,Joe Johnson (basketball),Joe Johnson,,1007,ppg · 18.2 ppg · 4.7 apg
2011,F,,Antawn Jamison,Antawn Jamison,,385,ppg · 18.0 ppg · 6.7 rpg
2011,G,,Tyreke Evans,Tyreke Evans,,3983,ppg · 17.8 ppg · 5.6 apg
2011,G,,Tony Parker,Tony Parker,,1015,ppg · 17.5 ppg · 6.6 apg
2011,F,,Carlos Boozer,Carlos Boozer,,1703,ppg · 17.5 ppg · 9.6 rpg
2011,F,,Luol Deng,Luol Deng,,2429,ppg · 17.4 ppg
2011,G,,Nick Young,Nick Young,,3243,ppg · 17.4 ppg
2011,G,,Manu Ginóbili,Manu Ginobili,,272,ppg · 17.4 ppg · 4.9 apg
2011,F,,Paul Millsap,Paul Millsap,,3015,ppg · 17.3 ppg · 7.6 rpg
2011,C,,Reggie Evans,Reggie Evans,,1828,rpg · 11.5 rpg
2011,C,,Andrew Bogut,Andrew Bogut,,2747,rpg · 11.1 rpg
2011,F,,Kris Humphries,Kris Humphries,,2433,rpg · 10.4 rpg
2011,C,,Joakim Noah,Joakim Noah,,3224,rpg · 10.4 rpg
2011,C,,Marcus Camby,Marcus Camby,,125,rpg · 10.3 rpg
2011,G,,Steve Nash,Steve Nash,,592,apg · 11.4 apg
2011,G,,Rajon Rondo,Rajon Rondo,,3026,apg · 11.2 apg
2011,G,,Chris Paul,Chris Paul,,2779,apg · 15.9 ppg · 9.8 apg
2011,G,,,Jose Calderon,,2806,apg · 8.9 apg
2011,G,,Raymond Felton,Raymond Felton,,2753,apg · 15.5 ppg · 8.3 apg
2012,F,,Kevin Durant,Kevin Durant,,3202,ppg · 28.0 ppg · 8.0 rpg · 3.5 apg
2012,F,,Kobe Bryant,Kobe Bryant,,110,ppg · 27.9 ppg · 4.6 apg
2012,F,,LeBron James,LeBron James,,1966,ppg · 27.1 ppg · 7.9 rpg · 6.2 apg
2012,F,,Kevin Love,Kevin Love,,3449,ppg · 26.0 ppg · 13.3 rpg
2012,G,,Russell Westbrook,Russell Westbrook,,3468,ppg · 23.6 ppg · 5.5 apg
2012,F,,Carmelo Anthony,Carmelo Anthony,,1975,ppg · 22.6 ppg · 3.6 apg
2012,G,,Dwyane Wade,Dwyane Wade,,1987,ppg · 22.1 ppg · 4.6 apg
2012,G,,Derrick Rose,Derrick Rose,,3456,ppg · 21.8 ppg · 7.9 apg
2012,C,,LaMarcus Aldridge,LaMarcus Aldridge,,2983,ppg · 21.7 ppg · 8.0 rpg
2012,F,,Dirk Nowitzki,Dirk Nowitzki,,609,ppg · 21.6 ppg · 6.8 rpg
2012,G,,Deron Williams,Deron Williams,,2798,ppg · 21.0 ppg · 8.7 apg
2012,F,,Blake Griffin,Blake Griffin,,3989,ppg · 20.7 ppg · 10.9 rpg
2012,C,,Dwight Howard,Dwight Howard,,2384,ppg · 20.6 ppg · 14.5 rpg
2012,G,,Eric Gordon,Eric Gordon,,3431,ppg · 20.6 ppg
2012,G,,Monta Ellis,Monta Ellis,,2751,ppg · 20.4 ppg · 6.0 apg
2012,F,,David Lee (basketball),David Lee,,2772,ppg · 20.1 ppg · 9.6 rpg
2012,G,,Chris Paul,Chris Paul,,2779,ppg · 19.8 ppg · 9.1 apg
2012,C,,Andrea Bargnani,Andrea Bargnani,,2987,ppg · 19.5 ppg
2012,F,,Paul Pierce,Paul Pierce,,662,ppg · 19.4 ppg · 4.5 apg
2012,C,,Brook Lopez,Brook Lopez,,3448,ppg · 19.2 ppg
2012,C,,Al Jefferson,Al Jefferson,,2389,ppg · 19.2 ppg · 9.6 rpg
2012,G,,Brandon Jennings,Brandon Jennings,,3997,ppg · 19.1 ppg · 5.5 apg
2012,F,,Rudy Gay,Rudy Gay,,3005,ppg · 19.0 ppg · 6.4 rpg
2012,G,,Joe Johnson (basketball),Joe Johnson,,1007,ppg · 18.8 ppg · 3.9 apg
2012,F,,Josh Smith,Josh Smith,,2411,ppg · 18.8 ppg · 9.6 rpg · 3.9 apg
2012,C,,Andrew Bynum,Andrew Bynum,,2748,ppg · 18.7 ppg · 11.8 rpg
2012,F,,Danny Granger,Danny Granger,,2760,ppg · 18.7 ppg
2012,G,,"Marcus Thornton (basketball, born 1987)",Marcus Thornton,,4017,ppg · 18.7 ppg
2012,G,,Kyrie Irving,Kyrie Irving,,6442,ppg · 18.5 ppg · 5.4 apg
2012,G,,Tony Parker,Tony Parker,,1015,ppg · 18.2 ppg · 7.7 apg
2012,C,,DeMarcus Cousins,DeMarcus Cousins,,4258,ppg · 18.1 ppg · 11.0 rpg
2012,F,,Chris Bosh,Chris Bosh,,1977,ppg · 18.0 ppg · 7.9 rpg
2012,C,,Amar'e Stoudemire,Amar'e Stoudemire,,1727,ppg · 17.5 ppg · 7.8 rpg
2012,F,,Pau Gasol,Pau Gasol,,996,ppg · 17.4 ppg · 10.4 rpg · 3.7 apg
2012,F,,Antawn Jamison,Antawn Jamison,,385,ppg · 17.2 ppg
2012,G,,"Kevin Martin (basketball, born 1983)",Kevin Martin,,2394,ppg · 17.0 ppg
2012,G,,James Harden,James Harden,,3992,ppg · 16.8 ppg · 3.7 apg
2012,G,,DeMar DeRozan,DeMar DeRozan,,3978,ppg · 16.7 ppg
2012,F,,Paul Millsap,Paul Millsap,,3015,ppg · 16.6 ppg · 8.8 rpg
2012,G,,Tyreke Evans,Tyreke Evans,,3983,ppg · 16.5 ppg · 4.5 apg
2012,C,,Anderson Varejão,Anderson Varejao,,2419,rpg · 11.5 rpg
2012,F,,Kris Humphries,Kris Humphries,,2433,rpg · 11.0 rpg
2012,C,,Marcin Gortat,Marcin Gortat,,2758,rpg · 15.4 ppg · 10.0 rpg
2012,C,,Tyson Chandler,Tyson Chandler,,984,rpg · 9.9 rpg
2012,C,,Joakim Noah,Joakim Noah,,3224,rpg · 9.8 rpg
2012,G,,Rajon Rondo,Rajon Rondo,,3026,apg · 11.7 apg
2012,G,,Steve Nash,Steve Nash,,592,apg · 10.7 apg
2012,G,,,Jose Calderon,,2806,apg · 8.8 apg
2012,G,,Ricky Rubio,Ricky Rubio,,4011,apg · 8.2 apg
2012,G,,John Wall,John Wall,,4237,apg · 16.3 ppg · 8.0 apg
2013,F,,Carmelo Anthony,Carmelo Anthony,,1975,ppg · 28.7 ppg · 6.9 rpg
2013,F,,Kevin Durant,Kevin Durant,,3202,ppg · 28.1 ppg · 7.9 rpg · 4.6 apg
2013,F,,Kobe Bryant,Kobe Bryant,,110,ppg · 27.3 ppg · 6.0 apg
2013,F,,LeBron James,LeBron James,,1966,ppg · 26.8 ppg · 8.0 rpg · 7.2 apg
2013,G,,James Harden,James Harden,,3992,ppg · 25.9 ppg · 5.8 apg
2013,G,,Russell Westbrook,Russell Westbrook,,3468,ppg · 23.2 ppg · 7.4 apg
2013,G,,Stephen Curry,Stephen Curry,,3975,ppg · 22.9 ppg · 6.9 apg
2013,G,,Kyrie Irving,Kyrie Irving,,6442,ppg · 22.5 ppg · 5.9 apg
2013,G,,Dwyane Wade,Dwyane Wade,,1987,ppg · 21.2 ppg · 5.1 apg
2013,C,,LaMarcus Aldridge,LaMarcus Aldridge,,2983,ppg · 21.1 ppg · 9.1 rpg
2013,G,,Tony Parker,Tony Parker,,1015,ppg · 20.3 ppg · 7.6 apg
2013,C,,Brook Lopez,Brook Lopez,,3448,ppg · 19.4 ppg · 6.9 rpg
2013,G,,Monta Ellis,Monta Ellis,,2751,ppg · 19.2 ppg · 6.0 apg
2013,G,,Damian Lillard,Damian Lillard,,6606,ppg · 19.0 ppg · 6.5 apg
2013,G,,Deron Williams,Deron Williams,,2798,ppg · 18.9 ppg · 7.7 apg
2013,F,,Paul Pierce,Paul Pierce,,662,ppg · 18.6 ppg · 4.8 apg
2013,G,,John Wall,John Wall,,4237,ppg · 18.5 ppg · 7.6 apg
2013,F,,David Lee (basketball),David Lee,,2772,ppg · 18.5 ppg · 11.2 rpg
2013,F,,Kevin Love,Kevin Love,,3449,ppg · 18.3 ppg · 14.0 rpg
2013,F,,Rudy Gay,Rudy Gay,,3005,ppg · 18.2 ppg
2013,G,,DeMar DeRozan,DeMar DeRozan,,3978,ppg · 18.1 ppg
2013,G,,,JR Smith,,2444,ppg · 18.1 ppg
2013,F,,Blake Griffin,Blake Griffin,,3989,ppg · 18.0 ppg · 8.3 rpg · 3.7 apg
2013,C,,Al Jefferson,Al Jefferson,,2389,ppg · 17.8 ppg · 9.2 rpg
2013,C,,Tim Duncan,Tim Duncan,,215,ppg · 17.8 ppg · 9.9 rpg
2013,G,,Kemba Walker,Kemba Walker,,6479,ppg · 17.7 ppg · 5.7 apg
2013,G,,Jrue Holiday,Jrue Holiday,,3995,ppg · 17.7 ppg · 8.0 apg
2013,G,,Brandon Jennings,Brandon Jennings,,3997,ppg · 17.5 ppg · 6.5 apg
2013,F,,Josh Smith,Josh Smith,,2411,ppg · 17.5 ppg · 8.4 rpg · 4.2 apg
2013,F,,Paul George,Paul George,,4251,ppg · 17.4 ppg · 7.6 rpg · 4.1 apg
2013,C,,Al Horford,Al Horford,,3213,ppg · 17.4 ppg · 10.2 rpg
2013,F,,Dirk Nowitzki,Dirk Nowitzki,,609,ppg · 17.3 ppg · 6.8 rpg
2013,F,,David West (basketball),David West,,2177,ppg · 17.1 ppg · 7.7 rpg
2013,C,,DeMarcus Cousins,DeMarcus Cousins,,4258,ppg · 17.1 ppg · 9.9 rpg
2013,C,,Dwight Howard,Dwight Howard,,2384,ppg · 17.1 ppg · 12.4 rpg
2013,G,,Eric Gordon,Eric Gordon,,3431,ppg · 17.0 ppg
2013,G,,Chris Paul,Chris Paul,,2779,ppg · 16.9 ppg · 9.7 apg
2013,G,,Ty Lawson,Ty Lawson,,4000,ppg · 16.7 ppg · 6.9 apg
2013,F,,Chris Bosh,Chris Bosh,,1977,ppg · 16.6 ppg · 6.8 rpg
2013,G,,Klay Thompson,Klay Thompson,,6475,ppg · 16.6 ppg
2013,C,,Anderson Varejão,Anderson Varejao,,2419,rpg · 14.4 rpg
2013,C,,Nikola Vučević,Nikola Vucevic,,6478,rpg · 11.9 rpg
2013,C,,,Omer Asik,,3414,rpg · 11.7 rpg
2013,F,,Zach Randolph,Zach Randolph,,1017,rpg · 15.4 ppg · 11.2 rpg
2013,C,,Joakim Noah,Joakim Noah,,3224,rpg · 11.1 rpg · 4.0 apg
2013,G,,Rajon Rondo,Rajon Rondo,,3026,apg · 11.1 apg
2013,G,,Greivis Vásquez,Greivis Vasquez,,4291,apg · 9.0 apg
2013,G,,Goran Dragić,Goran Dragic,,3423,apg · 14.7 ppg · 7.4 apg
2013,G,,Jameer Nelson,Jameer Nelson,,2439,apg · 14.7 ppg · 7.4 apg
2013,G,,Ricky Rubio,Ricky Rubio,,4011,apg · 7.3 apg
2014,F,,Kevin Durant,Kevin Durant,,3202,ppg · 32.0 ppg · 7.4 rpg · 5.5 apg
2014,F,,Carmelo Anthony,Carmelo Anthony,,1975,ppg · 27.4 ppg · 8.1 rpg
2014,F,,LeBron James,LeBron James,,1966,ppg · 27.1 ppg · 6.9 rpg · 6.4 apg
2014,F,,Kevin Love,Kevin Love,,3449,ppg · 26.1 ppg · 12.5 rpg · 4.4 apg
2014,G,,James Harden,James Harden,,3992,ppg · 25.4 ppg · 6.1 apg
2014,F,,Blake Griffin,Blake Griffin,,3989,ppg · 24.1 ppg · 9.5 rpg · 3.9 apg
2014,G,,Stephen Curry,Stephen Curry,,3975,ppg · 24.0 ppg · 8.5 apg
2014,C,,LaMarcus Aldridge,LaMarcus Aldridge,,2983,ppg · 23.2 ppg · 11.1 rpg
2014,C,,DeMarcus Cousins,DeMarcus Cousins,,4258,ppg · 22.7 ppg · 11.7 rpg
2014,G,,DeMar DeRozan,DeMar DeRozan,,3978,ppg · 22.7 ppg · 4.0 apg
2014,C,,Al Jefferson,Al Jefferson,,2389,ppg · 21.8 ppg · 10.8 rpg
2014,G,,Russell Westbrook,Russell Westbrook,,3468,ppg · 21.8 ppg · 6.9 apg
2014,F,,Paul George,Paul George,,4251,ppg · 21.7 ppg · 6.8 rpg
2014,F,,Dirk Nowitzki,Dirk Nowitzki,,609,ppg · 21.7 ppg
2014,G,,Kyrie Irving,Kyrie Irving,,6442,ppg · 20.8 ppg · 6.1 apg
2014,F,,Anthony Davis,Anthony Davis,,6583,ppg · 20.8 ppg · 10.0 rpg
2014,C,,Brook Lopez,Brook Lopez,,3448,ppg · 20.7 ppg
2014,G,,Damian Lillard,Damian Lillard,,6606,ppg · 20.7 ppg · 5.6 apg
2014,G,,Isaiah Thomas (basketball),Isaiah Thomas,,6472,ppg · 20.3 ppg · 6.3 apg
2014,G,,Goran Dragić,Goran Dragic,,3423,ppg · 20.3 ppg · 5.9 apg
2014,F,,Rudy Gay,Rudy Gay,,3005,ppg · 20.0 ppg
2014,F,,"Ryan Anderson (basketball, born 1988)",Ryan Anderson,,3412,ppg · 19.8 ppg · 6.5 rpg
2014,G,,John Wall,John Wall,,4237,ppg · 19.3 ppg · 8.8 apg
2014,G,,Chris Paul,Chris Paul,,2779,ppg · 19.1 ppg · 10.7 apg
2014,G,,"Kevin Martin (basketball, born 1983)",Kevin Martin,,2394,ppg · 19.1 ppg
2014,G,,Dwyane Wade,Dwyane Wade,,1987,ppg · 19.0 ppg · 4.7 apg
2014,G,,Monta Ellis,Monta Ellis,,2751,ppg · 19.0 ppg · 5.7 apg
2014,G,,Jamal Crawford,Jamal Crawford,,165,ppg · 18.6 ppg
2014,C,,Al Horford,Al Horford,,3213,ppg · 18.6 ppg · 8.4 rpg
2014,G,,Klay Thompson,Klay Thompson,,6475,ppg · 18.4 ppg
2014,C,,Dwight Howard,Dwight Howard,,2384,ppg · 18.3 ppg · 12.2 rpg
2014,G,,Arron Afflalo,Arron Afflalo,,3187,ppg · 18.2 ppg
2014,F,,David Lee (basketball),David Lee,,2772,ppg · 18.2 ppg · 9.3 rpg
2014,F,,Paul Millsap,Paul Millsap,,3015,ppg · 17.9 ppg · 8.5 rpg
2014,G,,Kyle Lowry,Kyle Lowry,,3012,ppg · 17.9 ppg · 7.4 apg
2014,F,,Thaddeus Young,Thaddeus Young,,3244,ppg · 17.9 ppg
2014,G,,Brandon Knight (basketball),Brandon Knight,,6448,ppg · 17.9 ppg · 4.9 apg
2014,G,,Nick Young,Nick Young,,3243,ppg · 17.9 ppg
2014,G,,Eric Bledsoe,Eric Bledsoe,,4238,ppg · 17.7 ppg · 5.5 apg
2014,G,,Kemba Walker,Kemba Walker,,6479,ppg · 17.7 ppg · 6.1 apg
2014,C,,DeAndre Jordan,DeAndre Jordan,,3442,rpg · 13.6 rpg
2014,C,,Andre Drummond,Andre Drummond,,6585,rpg · 13.2 rpg
2014,C,,Joakim Noah,Joakim Noah,,3224,rpg · 11.2 rpg · 5.4 apg
2014,C,,Nikola Vučević,Nikola Vucevic,,6478,rpg · 11.0 rpg
2014,F,,Zach Randolph,Zach Randolph,,1017,rpg · 17.4 ppg · 10.1 rpg
2014,G,,Rajon Rondo,Rajon Rondo,,3026,apg · 9.8 apg
2014,G,,Kendall Marshall,Kendall Marshall,,6607,apg · 8.8 apg
2014,G,,Ty Lawson,Ty Lawson,,4000,apg · 17.6 ppg · 8.8 apg
2014,G,,Ricky Rubio,Ricky Rubio,,4011,apg · 8.6 apg
2014,G,,Jrue Holiday,Jrue Holiday,,3995,apg · 7.9 apg
2015,G,,Russell Westbrook,Russell Westbrook,,3468,ppg · 28.1 ppg · 7.3 rpg · 8.6 apg
2015,G,,James Harden,James Harden,,3992,ppg · 27.4 ppg · 7.0 apg
2015,F,,Kevin Durant,Kevin Durant,,3202,ppg · 25.4 ppg · 6.6 rpg · 4.1 apg
2015,F,,LeBron James,LeBron James,,1966,ppg · 25.3 ppg · 7.4 apg
2015,F,,Anthony Davis,Anthony Davis,,6583,ppg · 24.4 ppg · 10.2 rpg
2015,F,,Carmelo Anthony,Carmelo Anthony,,1975,ppg · 24.1 ppg · 6.6 rpg
2015,C,,DeMarcus Cousins,DeMarcus Cousins,,4258,ppg · 24.1 ppg · 12.7 rpg
2015,G,,Stephen Curry,Stephen Curry,,3975,ppg · 23.8 ppg · 7.7 apg
2015,C,,LaMarcus Aldridge,LaMarcus Aldridge,,2983,ppg · 23.4 ppg · 10.2 rpg
2015,F,,Kobe Bryant,Kobe Bryant,,110,ppg · 22.3 ppg · 5.6 apg
2015,F,,Blake Griffin,Blake Griffin,,3989,ppg · 21.9 ppg · 7.6 rpg · 5.3 apg
2015,G,,Kyrie Irving,Kyrie Irving,,6442,ppg · 21.7 ppg · 5.2 apg
2015,G,,Klay Thompson,Klay Thompson,,6475,ppg · 21.7 ppg
2015,G,,Dwyane Wade,Dwyane Wade,,1987,ppg · 21.5 ppg · 4.8 apg
2015,F,,Chris Bosh,Chris Bosh,,1977,ppg · 21.1 ppg · 7.0 rpg
2015,F,,Rudy Gay,Rudy Gay,,3005,ppg · 21.1 ppg
2015,G,,Damian Lillard,Damian Lillard,,6606,ppg · 21.0 ppg · 6.2 apg
2015,G,,DeMar DeRozan,DeMar DeRozan,,3978,ppg · 20.1 ppg
2015,F,,Jimmy Butler,Jimmy Butler III,,6430,ppg · 20.0 ppg
2015,G,,"Kevin Martin (basketball, born 1983)",Kevin Martin,,2394,ppg · 20.0 ppg
2015,C,,Nikola Vučević,Nikola Vucevic,,6478,ppg · 19.3 ppg · 10.9 rpg
2015,F,,Gordon Hayward,Gordon Hayward,,4249,ppg · 19.2 ppg · 4.1 apg
2015,G,,Chris Paul,Chris Paul,,2779,ppg · 19.1 ppg · 10.2 apg
2015,G,,Monta Ellis,Monta Ellis,,2751,ppg · 18.9 ppg · 4.1 apg
2015,F,,Pau Gasol,Pau Gasol,,996,ppg · 18.5 ppg · 11.8 rpg
2015,G,,Victor Oladipo,Victor Oladipo,,2527963,ppg · 17.9 ppg · 4.1 apg
2015,G,,Kyle Lowry,Kyle Lowry,,3012,ppg · 17.8 ppg · 6.8 apg
2015,G,,Derrick Rose,Derrick Rose,,3456,ppg · 17.7 ppg · 4.9 apg
2015,G,,John Wall,John Wall,,4237,ppg · 17.6 ppg · 10.0 apg
2015,C,,Marc Gasol,Marc Gasol,,3206,ppg · 17.4 ppg · 7.8 rpg · 3.8 apg
2015,G,,Kemba Walker,Kemba Walker,,6479,ppg · 17.3 ppg · 5.1 apg
2015,F,,Dirk Nowitzki,Dirk Nowitzki,,609,ppg · 17.3 ppg
2015,C,,Brook Lopez,Brook Lopez,,3448,ppg · 17.2 ppg · 7.4 rpg
2015,F,,Tobias Harris,Tobias Harris,,6440,ppg · 17.1 ppg
2015,G,,Eric Bledsoe,Eric Bledsoe,,4238,ppg · 17.0 ppg · 6.1 apg
2015,G,,Brandon Knight (basketball),Brandon Knight,,6448,ppg · 17.0 ppg · 5.2 apg
2015,F,,Andrew Wiggins,Andrew Wiggins,,3059319,ppg · 16.9 ppg
2015,G,,Tony Wroten,Tony Wroten,,6630,ppg · 16.9 ppg · 5.2 apg
2015,F,,Paul Millsap,Paul Millsap,,3015,ppg · 16.7 ppg · 7.8 rpg
2015,C,,Al Jefferson,Al Jefferson,,2389,ppg · 16.6 ppg · 8.4 rpg
2015,C,,DeAndre Jordan,DeAndre Jordan,,3442,rpg · 15.0 rpg
2015,C,,Andre Drummond,Andre Drummond,,6585,rpg · 13.5 rpg
2015,C,,Tyson Chandler,Tyson Chandler,,984,rpg · 11.5 rpg
2015,F,,Zach Randolph,Zach Randolph,,1017,rpg · 16.1 ppg · 10.5 rpg
2015,C,,Dwight Howard,Dwight Howard,,2384,rpg · 15.8 ppg · 10.5 rpg
2015,G,,Ty Lawson,Ty Lawson,,4000,apg · 9.6 apg
2015,G,,Ricky Rubio,Ricky Rubio,,4011,apg · 8.8 apg
2015,G,,Rajon Rondo,Rajon Rondo,,3026,apg · 7.9 apg
2015,G,,Jeff Teague,Jeff Teague,,4015,apg · 15.9 ppg · 7.0 apg
2015,G,,Jrue Holiday,Jrue Holiday,,3995,apg · 6.8 apg
2016,G,,Stephen Curry,Stephen Curry,,3975,ppg · 30.1 ppg · 6.7 apg
2016,G,,James Harden,James Harden,,3992,ppg · 29.0 ppg · 7.5 apg
2016,F,,Kevin Durant,Kevin Durant,,3202,ppg · 28.2 ppg · 8.2 rpg · 5.0 apg
2016,C,,DeMarcus Cousins,DeMarcus Cousins,,4258,ppg · 26.9 ppg · 11.5 rpg
2016,F,,LeBron James,LeBron James,,1966,ppg · 25.3 ppg · 7.4 rpg · 6.8 apg
2016,G,,Damian Lillard,Damian Lillard,,6606,ppg · 25.1 ppg · 6.8 apg
2016,F,,Anthony Davis,Anthony Davis,,6583,ppg · 24.3 ppg · 10.3 rpg
2016,G,,Russell Westbrook,Russell Westbrook,,3468,ppg · 23.5 ppg · 7.8 rpg · 10.4 apg
2016,G,,DeMar DeRozan,DeMar DeRozan,,3978,ppg · 23.5 ppg · 4.0 apg
2016,F,,Paul George,Paul George,,4251,ppg · 23.1 ppg · 7.0 rpg · 4.1 apg
2016,G,,Isaiah Thomas (basketball),Isaiah Thomas,,6472,ppg · 22.2 ppg · 6.2 apg
2016,G,,Klay Thompson,Klay Thompson,,6475,ppg · 22.1 ppg
2016,F,,Carmelo Anthony,Carmelo Anthony,,1975,ppg · 21.8 ppg · 7.7 rpg · 4.2 apg
2016,F,,Blake Griffin,Blake Griffin,,3989,ppg · 21.4 ppg · 8.4 rpg · 4.9 apg
2016,G,,Kyle Lowry,Kyle Lowry,,3012,ppg · 21.2 ppg · 6.4 apg
2016,F,,Kawhi Leonard,Kawhi Leonard,,6450,ppg · 21.2 ppg · 6.8 rpg
2016,F,,Jimmy Butler,Jimmy Butler III,,6430,ppg · 20.9 ppg · 4.8 apg
2016,G,,Kemba Walker,Kemba Walker,,6479,ppg · 20.9 ppg · 5.2 apg
2016,G,,CJ McCollum,CJ McCollum,,2490149,ppg · 20.8 ppg · 4.3 apg
2016,F,,Andrew Wiggins,Andrew Wiggins,,3059319,ppg · 20.7 ppg
2016,C,,Brook Lopez,Brook Lopez,,3448,ppg · 20.6 ppg · 7.8 rpg
2016,G,,Eric Bledsoe,Eric Bledsoe,,4238,ppg · 20.4 ppg · 6.1 apg
2016,G,,John Wall,John Wall,,4237,ppg · 19.9 ppg · 10.2 apg
2016,F,,Gordon Hayward,Gordon Hayward,,4249,ppg · 19.7 ppg
2016,G,,Kyrie Irving,Kyrie Irving,,6442,ppg · 19.6 ppg · 4.7 apg
2016,G,,Brandon Knight (basketball),Brandon Knight,,6448,ppg · 19.6 ppg · 5.1 apg
2016,F,,Danilo Gallinari,Danilo Gallinari,,3428,ppg · 19.5 ppg
2016,G,,Chris Paul,Chris Paul,,2779,ppg · 19.5 ppg · 10.0 apg
2016,F,,Chris Bosh,Chris Bosh,,1977,ppg · 19.1 ppg · 7.4 rpg
2016,G,,Dwyane Wade,Dwyane Wade,,1987,ppg · 19.0 ppg · 4.6 apg
2016,G,,"Reggie Jackson (basketball, born 1990)",Reggie Jackson,,6443,ppg · 18.8 ppg · 6.2 apg
2016,C,,Karl-Anthony Towns,Karl-Anthony Towns,,3136195,ppg · 18.3 ppg · 10.5 rpg
2016,F,,Dirk Nowitzki,Dirk Nowitzki,,609,ppg · 18.3 ppg · 6.5 rpg
2016,C,,Nikola Vučević,Nikola Vucevic,,6478,ppg · 18.2 ppg · 8.9 rpg
2016,F,,Khris Middleton,Khris Middleton,,6609,ppg · 18.2 ppg · 4.2 apg
2016,C,,LaMarcus Aldridge,LaMarcus Aldridge,,2983,ppg · 18.0 ppg · 8.5 rpg
2016,F,,Kobe Bryant,Kobe Bryant,,110,ppg · 17.6 ppg
2016,C,,Jahlil Okafor,Jahlil Okafor,,3135048,ppg · 17.5 ppg · 7.0 rpg
2016,G,,Bradley Beal,Bradley Beal,,6580,ppg · 17.4 ppg
2016,F,,Rudy Gay,Rudy Gay,,3005,ppg · 17.2 ppg · 6.5 rpg
2016,C,,Andre Drummond,Andre Drummond,,6585,rpg · 16.2 ppg · 14.8 rpg
2016,C,,DeAndre Jordan,DeAndre Jordan,,3442,rpg · 13.8 rpg
2016,C,,Hassan Whiteside,Hassan Whiteside,,4262,rpg · 11.8 rpg
2016,C,,Dwight Howard,Dwight Howard,,2384,rpg · 11.8 rpg
2016,F,,Pau Gasol,Pau Gasol,,996,rpg · 16.5 ppg · 11.0 rpg · 4.1 apg
2016,G,,Rajon Rondo,Rajon Rondo,,3026,apg · 11.7 apg
2016,G,,Ricky Rubio,Ricky Rubio,,4011,apg · 8.6 apg
2016,F,,Draymond Green,Draymond Green,,6589,apg · 9.5 rpg · 7.4 apg
2016,G,,Jarrett Jack,Jarrett Jack,,2768,apg · 7.4 apg
2016,G,,Tyreke Evans,Tyreke Evans,,3983,apg · 6.6 apg
2017,G,,Russell Westbrook,Russell Westbrook,,3468,ppg · 31.6 ppg · 10.7 rpg · 10.4 apg
2017,G,,James Harden,James Harden,,3992,ppg · 29.1 ppg · 8.1 rpg · 11.2 apg
2017,G,,Isaiah Thomas (basketball),Isaiah Thomas,,6472,ppg · 28.9 ppg · 5.9 apg
2017,F,,Anthony Davis,Anthony Davis,,6583,ppg · 28.0 ppg · 11.8 rpg
2017,G,,DeMar DeRozan,DeMar DeRozan,,3978,ppg · 27.3 ppg · 3.9 apg
2017,G,,Damian Lillard,Damian Lillard,,6606,ppg · 27.0 ppg · 5.9 apg
2017,C,,DeMarcus Cousins,DeMarcus Cousins,,4258,ppg · 27.0 ppg · 11.0 rpg · 4.6 apg
2017,F,,LeBron James,LeBron James,,1966,ppg · 26.4 ppg · 8.6 rpg · 8.7 apg
2017,F,,Kawhi Leonard,Kawhi Leonard,,6450,ppg · 25.5 ppg
2017,G,,Stephen Curry,Stephen Curry,,3975,ppg · 25.3 ppg · 6.6 apg
2017,G,,Kyrie Irving,Kyrie Irving,,6442,ppg · 25.2 ppg · 5.8 apg
2017,C,,Karl-Anthony Towns,Karl-Anthony Towns,,3136195,ppg · 25.1 ppg · 12.3 rpg
2017,F,,Kevin Durant,Kevin Durant,,3202,ppg · 25.1 ppg · 8.3 rpg · 4.8 apg
2017,F,,Jimmy Butler,Jimmy Butler III,,6430,ppg · 23.9 ppg · 5.5 apg
2017,F,,Paul George,Paul George,,4251,ppg · 23.7 ppg · 6.6 rpg
2017,F,,Andrew Wiggins,Andrew Wiggins,,3059319,ppg · 23.6 ppg
2017,G,,Kemba Walker,Kemba Walker,,6479,ppg · 23.2 ppg · 5.5 apg
2017,G,,John Wall,John Wall,,4237,ppg · 23.1 ppg · 10.7 apg
2017,G,,Bradley Beal,Bradley Beal,,6580,ppg · 23.1 ppg
2017,G,,CJ McCollum,CJ McCollum,,2490149,ppg · 23.0 ppg
2017,F,,Giannis Antetokounmpo,Giannis Antetokounmpo,,3032977,ppg · 22.9 ppg · 8.8 rpg · 5.4 apg
2017,F,,Carmelo Anthony,Carmelo Anthony,,1975,ppg · 22.4 ppg
2017,G,,Kyle Lowry,Kyle Lowry,,3012,ppg · 22.4 ppg · 6.9 apg
2017,G,,Klay Thompson,Klay Thompson,,6475,ppg · 22.3 ppg
2017,G,,Devin Booker,Devin Booker,,3136193,ppg · 22.1 ppg
2017,F,,Gordon Hayward,Gordon Hayward,,4249,ppg · 21.9 ppg
2017,F,,Blake Griffin,Blake Griffin,,3989,ppg · 21.6 ppg · 8.1 rpg · 4.9 apg
2017,G,,Eric Bledsoe,Eric Bledsoe,,4238,ppg · 21.1 ppg · 6.3 apg
2017,C,,Brook Lopez,Brook Lopez,,3448,ppg · 20.5 ppg
2017,G,,Mike Conley (basketball),Mike Conley,,3195,ppg · 20.5 ppg · 6.3 apg
2017,G,,Goran Dragić,Goran Dragic,,3423,ppg · 20.3 ppg · 5.8 apg
2017,C,,Joel Embiid,Joel Embiid,,3059318,ppg · 20.2 ppg · 7.8 rpg
2017,F,,Jabari Parker,Jabari Parker,,3056600,ppg · 20.1 ppg
2017,C,,Marc Gasol,Marc Gasol,,3206,ppg · 19.5 ppg · 4.6 apg
2017,F,,Harrison Barnes,Harrison Barnes,,6578,ppg · 19.2 ppg
2017,F,,Kevin Love,Kevin Love,,3449,ppg · 19.0 ppg · 11.1 rpg
2017,G,,Zach LaVine,Zach LaVine,,3064440,ppg · 18.9 ppg
2017,F,,Rudy Gay,Rudy Gay,,3005,ppg · 18.7 ppg · 6.3 rpg
2017,G,,Dwyane Wade,Dwyane Wade,,1987,ppg · 18.3 ppg · 3.8 apg
2017,F,,Danilo Gallinari,Danilo Gallinari,,3428,ppg · 18.2 ppg
2017,C,,Hassan Whiteside,Hassan Whiteside,,4262,rpg · 17.0 ppg · 14.1 rpg
2017,C,,Andre Drummond,Andre Drummond,,6585,rpg · 13.8 rpg
2017,C,,DeAndre Jordan,DeAndre Jordan,,3442,rpg · 13.8 rpg
2017,C,,Rudy Gobert,Rudy Gobert,,3032976,rpg · 12.8 rpg
2017,C,,Dwight Howard,Dwight Howard,,2384,rpg · 12.7 rpg
2017,G,,Chris Paul,Chris Paul,,2779,apg · 18.1 ppg · 9.2 apg
2017,G,,Ricky Rubio,Ricky Rubio,,4011,apg · 9.1 apg
2017,G,,Jeff Teague,Jeff Teague,,4015,apg · 15.3 ppg · 7.8 apg
2017,G,,Jrue Holiday,Jrue Holiday,,3995,apg · 15.4 ppg · 7.3 apg
2017,F,,Draymond Green,Draymond Green,,6589,apg · 7.9 rpg · 7.0 apg
2018,G,,James Harden,James Harden,,3992,ppg · 30.4 ppg · 8.8 apg
2018,F,,Anthony Davis,Anthony Davis,,6583,ppg · 28.1 ppg · 11.1 rpg
2018,F,,LeBron James,LeBron James,,1966,ppg · 27.5 ppg · 8.6 rpg · 9.1 apg
2018,G,,Damian Lillard,Damian Lillard,,6606,ppg · 26.9 ppg · 6.6 apg
2018,F,,Giannis Antetokounmpo,Giannis Antetokounmpo,,3032977,ppg · 26.9 ppg · 10.0 rpg · 4.8 apg
2018,G,,Stephen Curry,Stephen Curry,,3975,ppg · 26.4 ppg · 6.1 apg
2018,F,,Kevin Durant,Kevin Durant,,3202,ppg · 26.4 ppg · 6.8 rpg · 5.4 apg
2018,G,,Russell Westbrook,Russell Westbrook,,3468,ppg · 25.4 ppg · 10.1 rpg · 10.2 apg
2018,C,,DeMarcus Cousins,DeMarcus Cousins,,4258,ppg · 25.2 ppg · 12.9 rpg · 5.4 apg
2018,G,,Devin Booker,Devin Booker,,3136193,ppg · 24.9 ppg · 4.7 apg
2018,G,,Kyrie Irving,Kyrie Irving,,6442,ppg · 24.4 ppg · 5.1 apg
2018,C,,LaMarcus Aldridge,LaMarcus Aldridge,,2983,ppg · 23.1 ppg · 8.5 rpg
2018,G,,Victor Oladipo,Victor Oladipo,,2527963,ppg · 23.1 ppg · 4.3 apg
2018,G,,DeMar DeRozan,DeMar DeRozan,,3978,ppg · 23.0 ppg · 5.2 apg
2018,C,,Joel Embiid,Joel Embiid,,3059318,ppg · 22.9 ppg · 11.0 rpg
2018,C,,Kristaps Porziņģis,Kristaps Porzingis,,3102531,ppg · 22.7 ppg · 6.6 rpg
2018,G,,Bradley Beal,Bradley Beal,,6580,ppg · 22.6 ppg · 4.5 apg
2018,G,,Lou Williams,Lou Williams,,2799,ppg · 22.6 ppg · 5.3 apg
2018,F,,Jimmy Butler,Jimmy Butler III,,6430,ppg · 22.2 ppg · 4.9 apg
2018,G,,Kemba Walker,Kemba Walker,,6479,ppg · 22.1 ppg · 5.6 apg
2018,F,,Paul George,Paul George,,4251,ppg · 21.9 ppg
2018,F,,Blake Griffin,Blake Griffin,,3989,ppg · 21.4 ppg · 7.4 rpg · 5.8 apg
2018,G,,CJ McCollum,CJ McCollum,,2490149,ppg · 21.4 ppg
2018,C,,Karl-Anthony Towns,Karl-Anthony Towns,,3136195,ppg · 21.3 ppg · 12.3 rpg
2018,G,,Donovan Mitchell,Donovan Mitchell,,3908809,ppg · 20.5 ppg
2018,F,,Khris Middleton,Khris Middleton,,6609,ppg · 20.1 ppg · 4.0 apg
2018,G,,MarShon Brooks,MarShon Brooks,,6428,ppg · 20.1 ppg
2018,G,,Klay Thompson,Klay Thompson,,6475,ppg · 20.0 ppg
2018,F,,T. J. Warren,T.J. Warren,,2982334,ppg · 19.6 ppg
2018,G,,John Wall,John Wall,,4237,ppg · 19.4 ppg · 9.6 apg
2018,G,,Tyreke Evans,Tyreke Evans,,3983,ppg · 19.4 ppg · 5.2 apg
2018,G,,Dennis Schröder,Dennis Schroder,,3032979,ppg · 19.4 ppg · 6.2 apg
2018,G,,Jrue Holiday,Jrue Holiday,,3995,ppg · 19.0 ppg · 6.0 apg
2018,F,,Harrison Barnes,Harrison Barnes,,6578,ppg · 18.9 ppg
2018,G,,Chris Paul,Chris Paul,,2779,ppg · 18.6 ppg · 7.9 apg
2018,F,,Tobias Harris,Tobias Harris,,6440,ppg · 18.6 ppg
2018,C,,Nikola Jokić,Nikola Jokic,,3112335,ppg · 18.5 ppg · 10.7 rpg · 6.1 apg
2018,G,,Eric Gordon,Eric Gordon,,3431,ppg · 18.0 ppg
2018,G,,Jeremy Lin,Jeremy Lin,,4299,ppg · 18.0 ppg · 4.0 apg
2018,G,,Evan Fournier,Evan Fournier,,6588,ppg · 17.8 ppg
2018,C,,Andre Drummond,Andre Drummond,,6585,rpg · 16.0 rpg
2018,C,,DeAndre Jordan,DeAndre Jordan,,3442,rpg · 15.2 rpg
2018,C,,Dwight Howard,Dwight Howard,,2384,rpg · 16.6 ppg · 12.5 rpg
2018,C,,Hassan Whiteside,Hassan Whiteside,,4262,rpg · 11.4 rpg
2018,C,,,Enes Freedom,,6447,rpg · 11.0 rpg
2018,G,,Rajon Rondo,Rajon Rondo,,3026,apg · 8.2 apg
2018,G,,Ben Simmons,Ben Simmons,,3907387,apg · 8.1 rpg · 8.2 apg
2018,F,,Draymond Green,Draymond Green,,6589,apg · 7.6 rpg · 7.3 apg
2018,G,,Lonzo Ball,Lonzo Ball,,4066421,apg · 6.9 rpg · 7.2 apg
2018,G,,Jeff Teague,Jeff Teague,,4015,apg · 7.0 apg
2019,G,,James Harden,James Harden,,3992,ppg · 36.1 ppg · 7.5 apg
2019,F,,Paul George,Paul George,,4251,ppg · 28.0 ppg · 8.2 rpg · 4.1 apg
2019,F,,Giannis Antetokounmpo,Giannis Antetokounmpo,,3032977,ppg · 27.7 ppg · 12.5 rpg · 5.9 apg
2019,C,,Joel Embiid,Joel Embiid,,3059318,ppg · 27.5 ppg · 13.6 rpg
2019,F,,LeBron James,LeBron James,,1966,ppg · 27.4 ppg · 8.5 rpg · 8.3 apg
2019,G,,Stephen Curry,Stephen Curry,,3975,ppg · 27.3 ppg · 5.2 apg
2019,F,,Kawhi Leonard,Kawhi Leonard,,6450,ppg · 26.6 ppg · 7.3 rpg
2019,G,,Devin Booker,Devin Booker,,3136193,ppg · 26.6 ppg · 6.8 apg
2019,F,,Kevin Durant,Kevin Durant,,3202,ppg · 26.0 ppg · 5.9 apg
2019,F,,Anthony Davis,Anthony Davis,,6583,ppg · 25.9 ppg · 12.0 rpg
2019,G,,Damian Lillard,Damian Lillard,,6606,ppg · 25.8 ppg · 6.9 apg
2019,G,,Kemba Walker,Kemba Walker,,6479,ppg · 25.6 ppg · 5.9 apg
2019,G,,Bradley Beal,Bradley Beal,,6580,ppg · 25.6 ppg · 5.5 apg
2019,F,,Blake Griffin,Blake Griffin,,3989,ppg · 24.5 ppg · 7.5 rpg · 5.4 apg
2019,C,,Karl-Anthony Towns,Karl-Anthony Towns,,3136195,ppg · 24.4 ppg · 12.4 rpg
2019,G,,Kyrie Irving,Kyrie Irving,,6442,ppg · 23.8 ppg · 6.9 apg
2019,G,,Donovan Mitchell,Donovan Mitchell,,3908809,ppg · 23.8 ppg · 4.2 apg
2019,G,,Zach LaVine,Zach LaVine,,3064440,ppg · 23.7 ppg · 4.5 apg
2019,G,,Russell Westbrook,Russell Westbrook,,3468,ppg · 22.9 ppg · 11.1 rpg · 10.7 apg
2019,G,,Klay Thompson,Klay Thompson,,6475,ppg · 21.5 ppg
2019,F,,Julius Randle,Julius Randle,,3064514,ppg · 21.4 ppg · 8.7 rpg
2019,C,,LaMarcus Aldridge,LaMarcus Aldridge,,2983,ppg · 21.3 ppg · 9.2 rpg
2019,G,,DeMar DeRozan,DeMar DeRozan,,3978,ppg · 21.2 ppg · 6.2 apg
2019,G,,Luka Dončić,Luka Doncic,,3945274,ppg · 21.2 ppg · 7.8 rpg · 6.0 apg
2019,G,,Jrue Holiday,Jrue Holiday,,3995,ppg · 21.2 ppg · 7.7 apg
2019,G,,D'Angelo Russell,D'Angelo Russell,,3136776,ppg · 21.1 ppg · 7.0 apg
2019,G,,Mike Conley (basketball),Mike Conley,,3195,ppg · 21.1 ppg · 6.4 apg
2019,G,,CJ McCollum,CJ McCollum,,2490149,ppg · 21.0 ppg
2019,C,,Nikola Vučević,Nikola Vucevic,,6478,ppg · 20.8 ppg · 12.0 rpg
2019,G,,John Wall,John Wall,,4237,ppg · 20.7 ppg · 8.7 apg
2019,G,,Buddy Hield,Buddy Hield,,2990984,ppg · 20.7 ppg
2019,C,,Nikola Jokić,Nikola Jokic,,3112335,ppg · 20.0 ppg · 10.8 rpg · 7.2 apg
2019,F,,Tobias Harris,Tobias Harris,,6440,ppg · 20.0 ppg · 7.9 rpg
2019,F,,JaKarr Sampson,JaKarr Sampson,,2608891,ppg · 20.0 ppg · 8.0 rpg
2019,G,,Lou Williams,Lou Williams,,2799,ppg · 20.0 ppg · 5.4 apg
2019,F,,Danilo Gallinari,Danilo Gallinari,,3428,ppg · 19.8 ppg
2019,F,,John Collins (basketball),John Collins,,3908845,ppg · 19.5 ppg · 9.8 rpg
2019,G,,Trae Young,Trae Young,,4277905,ppg · 19.1 ppg · 8.1 apg
2019,G,,Victor Oladipo,Victor Oladipo,,2527963,ppg · 18.8 ppg · 5.2 apg
2019,F,,Lauri Markkanen,Lauri Markkanen,,4066336,ppg · 18.7 ppg · 9.0 rpg
2019,C,,Andre Drummond,Andre Drummond,,6585,rpg · 17.3 ppg · 15.6 rpg
2019,C,,DeAndre Jordan,DeAndre Jordan,,3442,rpg · 13.1 rpg
2019,C,,Rudy Gobert,Rudy Gobert,,3032976,rpg · 12.9 rpg
2019,C,,Clint Capela,Clint Capela,,3102529,rpg · 12.7 rpg
2019,C,,Hassan Whiteside,Hassan Whiteside,,4262,rpg · 11.3 rpg
2019,G,,Kyle Lowry,Kyle Lowry,,3012,apg · 8.7 apg
2019,G,,Jeff Teague,Jeff Teague,,4015,apg · 8.2 apg
2019,G,,Chris Paul,Chris Paul,,2779,apg · 8.2 apg
2019,G,,Rajon Rondo,Rajon Rondo,,3026,apg · 8.0 apg
2019,G,,Ben Simmons,Ben Simmons,,3907387,apg · 16.9 ppg · 8.8 rpg · 7.7 apg
2020,G,,James Harden,James Harden,,3992,ppg · 34.3 ppg · 6.6 rpg · 7.5 apg
2020,G,,Bradley Beal,Bradley Beal,,6580,ppg · 30.5 ppg · 6.1 apg
2020,G,,Damian Lillard,Damian Lillard,,6606,ppg · 30.0 ppg · 8.0 apg
2020,G,,Trae Young,Trae Young,,4277905,ppg · 29.6 ppg · 9.3 apg
2020,F,,Giannis Antetokounmpo,Giannis Antetokounmpo,,3032977,ppg · 29.5 ppg · 13.6 rpg · 5.6 apg
2020,G,,Luka Dončić,Luka Doncic,,3945274,ppg · 28.8 ppg · 9.4 rpg · 8.8 apg
2020,G,,Kyrie Irving,Kyrie Irving,,6442,ppg · 27.4 ppg · 6.4 apg
2020,G,,Russell Westbrook,Russell Westbrook,,3468,ppg · 27.2 ppg · 7.9 rpg · 7.0 apg
2020,F,,Kawhi Leonard,Kawhi Leonard,,6450,ppg · 27.1 ppg · 7.1 rpg · 4.9 apg
2020,G,,Devin Booker,Devin Booker,,3136193,ppg · 26.6 ppg · 6.5 apg
2020,C,,Karl-Anthony Towns,Karl-Anthony Towns,,3136195,ppg · 26.5 ppg · 10.8 rpg · 4.4 apg
2020,F,,Anthony Davis,Anthony Davis,,6583,ppg · 26.1 ppg · 9.3 rpg
2020,G,,Zach LaVine,Zach LaVine,,3064440,ppg · 25.5 ppg · 4.2 apg
2020,F,,LeBron James,LeBron James,,1966,ppg · 25.3 ppg · 7.8 rpg · 10.2 apg
2020,G,,Donovan Mitchell,Donovan Mitchell,,3908809,ppg · 24.0 ppg · 4.3 apg
2020,F,,Brandon Ingram,Brandon Ingram,,3913176,ppg · 23.8 ppg · 4.2 apg
2020,F,,Jayson Tatum,Jayson Tatum,,4065648,ppg · 23.4 ppg · 7.0 rpg
2020,G,,D'Angelo Russell,D'Angelo Russell,,3136776,ppg · 23.1 ppg · 6.3 apg
2020,C,,Joel Embiid,Joel Embiid,,3059318,ppg · 23.0 ppg · 11.6 rpg
2020,F,,Pascal Siakam,Pascal Siakam,,3149673,ppg · 22.9 ppg · 7.3 rpg
2020,F,,Zion Williamson,Zion Williamson,,4395628,ppg · 22.5 ppg
2020,G,,CJ McCollum,CJ McCollum,,2490149,ppg · 22.2 ppg · 4.4 apg
2020,G,,DeMar DeRozan,DeMar DeRozan,,3978,ppg · 22.1 ppg · 5.6 apg
2020,F,,Andrew Wiggins,Andrew Wiggins,,3059319,ppg · 21.8 ppg
2020,F,,John Collins (basketball),John Collins,,3908845,ppg · 21.6 ppg · 10.1 rpg
2020,F,,Paul George,Paul George,,4251,ppg · 21.5 ppg
2020,G,,De'Aaron Fox,De'Aaron Fox,,4066259,ppg · 21.1 ppg · 6.8 apg
2020,F,,Khris Middleton,Khris Middleton,,6609,ppg · 20.9 ppg · 4.3 apg
2020,G,,Stephen Curry,Stephen Curry,,3975,ppg · 20.8 ppg · 6.6 apg
2020,G,,Collin Sexton,Collin Sexton,,4277811,ppg · 20.8 ppg
2020,G,,Spencer Dinwiddie,Spencer Dinwiddie,,2580782,ppg · 20.6 ppg · 6.8 apg
2020,G,,Kemba Walker,Kemba Walker,,6479,ppg · 20.4 ppg · 4.8 apg
2020,C,,Kristaps Porziņģis,Kristaps Porzingis,,3102531,ppg · 20.4 ppg · 9.5 rpg
2020,G,,Jaylen Brown,Jaylen Brown,,3917376,ppg · 20.3 ppg · 6.4 rpg
2020,F,,Bojan Bogdanović,Bojan Bogdanovic,,3593,ppg · 20.2 ppg
2020,F,,Jimmy Butler,Jimmy Butler III,,6430,ppg · 19.9 ppg · 6.7 rpg · 6.0 apg
2020,C,,Nikola Jokić,Nikola Jokic,,3112335,ppg · 19.9 ppg · 9.7 rpg · 7.0 apg
2020,F,,T. J. Warren,T.J. Warren,,2982334,ppg · 19.8 ppg
2020,F,,Tobias Harris,Tobias Harris,,6440,ppg · 19.6 ppg · 6.9 rpg
2020,C,,Nikola Vučević,Nikola Vucevic,,6478,ppg · 19.6 ppg · 10.9 rpg
2020,C,,Andre Drummond,Andre Drummond,,6585,rpg · 15.2 rpg
2020,C,,Clint Capela,Clint Capela,,3102529,rpg · 13.8 rpg
2020,C,,Hassan Whiteside,Hassan Whiteside,,4262,rpg · 13.5 rpg
2020,C,,Rudy Gobert,Rudy Gobert,,3032976,rpg · 13.5 rpg
2020,F,,Domantas Sabonis,Domantas Sabonis,,3155942,rpg · 18.5 ppg · 12.4 rpg · 5.0 apg
2020,G,,Ricky Rubio,Ricky Rubio,,4011,apg · 8.8 apg
2020,G,,Ben Simmons,Ben Simmons,,3907387,apg · 7.8 rpg · 8.0 apg
2020,G,,Devonte' Graham,Devonte' Graham,,3133601,apg · 18.2 ppg · 7.5 apg
2020,G,,Kyle Lowry,Kyle Lowry,,3012,apg · 19.4 ppg · 7.5 apg
2020,G,,Ja Morant,Ja Morant,,4279888,apg · 17.8 ppg · 7.3 apg
2021,G,,Stephen Curry,Stephen Curry,,3975,ppg · 32.0 ppg · 5.8 apg
2021,G,,Bradley Beal,Bradley Beal,,6580,ppg · 31.3 ppg
2021,G,,Damian Lillard,Damian Lillard,,6606,ppg · 28.8 ppg · 7.5 apg
2021,C,,Joel Embiid,Joel Embiid,,3059318,ppg · 28.5 ppg · 10.6 rpg
2021,F,,Giannis Antetokounmpo,Giannis Antetokounmpo,,3032977,ppg · 28.1 ppg · 11.0 rpg · 5.9 apg
2021,G,,Luka Dončić,Luka Doncic,,3945274,ppg · 27.7 ppg · 8.0 rpg · 8.6 apg
2021,G,,Zach LaVine,Zach LaVine,,3064440,ppg · 27.4 ppg · 4.9 apg
2021,F,,Zion Williamson,Zion Williamson,,4395628,ppg · 27.0 ppg · 7.2 rpg
2021,F,,Kevin Durant,Kevin Durant,,3202,ppg · 26.9 ppg · 7.1 rpg · 5.6 apg
2021,G,,Kyrie Irving,Kyrie Irving,,6442,ppg · 26.9 ppg · 6.0 apg
2021,F,,Jayson Tatum,Jayson Tatum,,4065648,ppg · 26.4 ppg · 7.4 rpg
2021,G,,Donovan Mitchell,Donovan Mitchell,,3908809,ppg · 26.4 ppg · 5.2 apg
2021,C,,Nikola Jokić,Nikola Jokic,,3112335,ppg · 26.4 ppg · 10.8 rpg · 8.3 apg
2021,G,,Devin Booker,Devin Booker,,3136193,ppg · 25.6 ppg
2021,G,,Trae Young,Trae Young,,4277905,ppg · 25.3 ppg · 9.4 apg
2021,G,,De'Aaron Fox,De'Aaron Fox,,4066259,ppg · 25.2 ppg · 7.2 apg
2021,F,,LeBron James,LeBron James,,1966,ppg · 25.0 ppg · 7.7 rpg · 7.8 apg
2021,F,,Kawhi Leonard,Kawhi Leonard,,6450,ppg · 24.8 ppg · 5.2 apg
2021,C,,Karl-Anthony Towns,Karl-Anthony Towns,,3136195,ppg · 24.8 ppg · 10.6 rpg · 4.5 apg
2021,G,,Jaylen Brown,Jaylen Brown,,3917376,ppg · 24.7 ppg
2021,G,,James Harden,James Harden,,3992,ppg · 24.6 ppg · 7.9 rpg · 10.8 apg
2021,G,,Collin Sexton,Collin Sexton,,4277811,ppg · 24.3 ppg
2021,F,,Julius Randle,Julius Randle,,3064514,ppg · 24.1 ppg · 10.2 rpg · 6.0 apg
2021,F,,Brandon Ingram,Brandon Ingram,,3913176,ppg · 23.8 ppg · 4.9 apg
2021,G,,Shai Gilgeous-Alexander,Shai Gilgeous-Alexander,,4278073,ppg · 23.7 ppg · 5.9 apg
2021,C,,Nikola Vučević,Nikola Vucevic,,6478,ppg · 23.4 ppg · 11.7 rpg
2021,F,,Paul George,Paul George,,4251,ppg · 23.3 ppg · 5.2 apg
2021,G,,CJ McCollum,CJ McCollum,,2490149,ppg · 23.1 ppg · 4.7 apg
2021,F,,Jerami Grant,Jerami Grant,,2991070,ppg · 22.3 ppg
2021,G,,Russell Westbrook,Russell Westbrook,,3468,ppg · 22.2 ppg · 11.5 rpg · 11.7 apg
2021,F,,Anthony Davis,Anthony Davis,,6583,ppg · 21.8 ppg · 7.9 rpg
2021,G,,DeMar DeRozan,DeMar DeRozan,,3978,ppg · 21.6 ppg · 6.9 apg
2021,F,,Jimmy Butler,Jimmy Butler III,,6430,ppg · 21.5 ppg · 6.9 rpg · 7.1 apg
2021,F,,Pascal Siakam,Pascal Siakam,,3149673,ppg · 21.4 ppg · 7.2 rpg · 4.5 apg
2021,G,,Jamal Murray,Jamal Murray,,3936299,ppg · 21.2 ppg · 4.8 apg
2021,G,,Malcolm Brogdon,Malcolm Brogdon,,2566769,ppg · 21.2 ppg · 5.9 apg
2021,F,,Christian Wood,Christian Wood,,3058254,ppg · 21.0 ppg · 9.6 rpg
2021,G,,John Wall,John Wall,,4237,ppg · 20.6 ppg · 6.9 apg
2021,G,,Terry Rozier,Terry Rozier,,3074752,ppg · 20.4 ppg
2021,F,,Khris Middleton,Khris Middleton,,6609,ppg · 20.4 ppg · 5.4 apg
2021,C,,Clint Capela,Clint Capela,,3102529,rpg · 14.3 rpg
2021,C,,Rudy Gobert,Rudy Gobert,,3032976,rpg · 13.5 rpg
2021,C,,Jonas Valančiūnas,Jonas Valanciunas,,6477,rpg · 12.5 rpg
2021,C,,Andre Drummond,Andre Drummond,,6585,rpg · 12.0 rpg
2021,F,,Domantas Sabonis,Domantas Sabonis,,3155942,rpg · 20.3 ppg · 12.0 rpg · 6.7 apg
2021,G,,Chris Paul,Chris Paul,,2779,apg · 8.9 apg
2021,F,,Draymond Green,Draymond Green,,6589,apg · 7.1 rpg · 8.9 apg
2021,G,,Ja Morant,Ja Morant,,4279888,apg · 19.1 ppg · 7.4 apg
2021,G,,Kyle Lowry,Kyle Lowry,,3012,apg · 7.3 apg
2021,G,,Ben Simmons,Ben Simmons,,3907387,apg · 7.2 rpg · 6.9 apg
2022,C,,Joel Embiid,Joel Embiid,,3059318,ppg · 30.6 ppg · 11.7 rpg
2022,F,,LeBron James,LeBron James,,1966,ppg · 30.3 ppg · 8.2 rpg · 6.2 apg
2022,F,,Giannis Antetokounmpo,Giannis Antetokounmpo,,3032977,ppg · 29.9 ppg · 11.6 rpg · 5.8 apg
2022,F,,Kevin Durant,Kevin Durant,,3202,ppg · 29.9 ppg · 7.4 rpg · 6.4 apg
2022,G,,Luka Dončić,Luka Doncic,,3945274,ppg · 28.4 ppg · 9.1 rpg · 8.7 apg
2022,G,,Trae Young,Trae Young,,4277905,ppg · 28.4 ppg · 9.7 apg
2022,G,,DeMar DeRozan,DeMar DeRozan,,3978,ppg · 27.9 ppg · 4.9 apg
2022,G,,Kyrie Irving,Kyrie Irving,,6442,ppg · 27.4 ppg · 5.8 apg
2022,G,,Ja Morant,Ja Morant,,4279888,ppg · 27.4 ppg · 6.7 apg
2022,C,,Nikola Jokić,Nikola Jokic,,3112335,ppg · 27.1 ppg · 13.8 rpg · 7.9 apg
2022,F,,Jayson Tatum,Jayson Tatum,,4065648,ppg · 26.9 ppg · 8.0 rpg
2022,G,,Devin Booker,Devin Booker,,3136193,ppg · 26.8 ppg · 4.8 apg
2022,G,,Donovan Mitchell,Donovan Mitchell,,3908809,ppg · 25.9 ppg · 5.3 apg
2022,G,,Stephen Curry,Stephen Curry,,3975,ppg · 25.5 ppg · 6.3 apg
2022,C,,Karl-Anthony Towns,Karl-Anthony Towns,,3136195,ppg · 24.6 ppg · 9.8 rpg
2022,G,,Shai Gilgeous-Alexander,Shai Gilgeous-Alexander,,4278073,ppg · 24.5 ppg · 5.9 apg
2022,G,,Zach LaVine,Zach LaVine,,3064440,ppg · 24.4 ppg · 4.5 apg
2022,F,,Paul George,Paul George,,4251,ppg · 24.3 ppg · 6.9 rpg · 5.7 apg
2022,G,,Damian Lillard,Damian Lillard,,6606,ppg · 24.0 ppg · 7.3 apg
2022,G,,Jaylen Brown,Jaylen Brown,,3917376,ppg · 23.6 ppg
2022,G,,Bradley Beal,Bradley Beal,,6580,ppg · 23.2 ppg · 6.6 apg
2022,F,,Anthony Davis,Anthony Davis,,6583,ppg · 23.2 ppg · 9.9 rpg
2022,G,,De'Aaron Fox,De'Aaron Fox,,4066259,ppg · 23.2 ppg · 5.6 apg
2022,F,,Pascal Siakam,Pascal Siakam,,3149673,ppg · 22.8 ppg · 8.5 rpg · 5.3 apg
2022,F,,Brandon Ingram,Brandon Ingram,,3913176,ppg · 22.7 ppg · 5.6 apg
2022,G,,CJ McCollum,CJ McCollum,,2490149,ppg · 22.1 ppg · 5.1 apg
2022,G,,James Harden,James Harden,,3992,ppg · 22.0 ppg · 7.7 rpg · 10.3 apg
2022,G,,Darius Garland,Darius Garland,,4396907,ppg · 21.7 ppg · 8.6 apg
2022,F,,Jimmy Butler,Jimmy Butler III,,6430,ppg · 21.4 ppg · 5.5 apg
2022,G,,Anthony Edwards (basketball),Anthony Edwards,,4594268,ppg · 21.3 ppg
2022,G,,Dejounte Murray,Dejounte Murray,,3907497,ppg · 21.1 ppg · 8.3 rpg · 9.2 apg
2022,G,,Tyler Herro,Tyler Herro,,4395725,ppg · 20.7 ppg
2022,G,,Klay Thompson,Klay Thompson,,6475,ppg · 20.4 ppg
2022,G,,Fred VanVleet,Fred VanVleet,,2991230,ppg · 20.3 ppg · 6.7 apg
2022,C,,Kristaps Porziņģis,Kristaps Porzingis,,3102531,ppg · 20.2 ppg · 8.1 rpg
2022,F,,Miles Bridges,Miles Bridges,,4066383,ppg · 20.2 ppg · 7.0 rpg
2022,G,,LaMelo Ball,LaMelo Ball,,4432816,ppg · 20.1 ppg · 6.7 rpg · 7.6 apg
2022,F,,Julius Randle,Julius Randle,,3064514,ppg · 20.1 ppg · 9.9 rpg · 5.1 apg
2022,F,,Khris Middleton,Khris Middleton,,6609,ppg · 20.1 ppg · 5.4 apg
2022,F,,RJ Barrett,RJ Barrett,,4395625,ppg · 20.0 ppg
2022,C,,Rudy Gobert,Rudy Gobert,,3032976,rpg · 14.7 rpg
2022,F,,Domantas Sabonis,Domantas Sabonis,,3155942,rpg · 18.9 ppg · 12.1 rpg · 5.2 apg
2022,F,,Jaylen Hoard,Jaylen Hoard,,4395688,rpg · 12.0 rpg
2022,C,,Clint Capela,Clint Capela,,3102529,rpg · 11.9 rpg
2022,C,,Jonas Valančiūnas,Jonas Valanciunas,,6477,rpg · 17.8 ppg · 11.4 rpg
2022,G,,Chris Paul,Chris Paul,,2779,apg · 10.8 apg
2022,G,,Tyrese Haliburton,Tyrese Haliburton,,4396993,apg · 8.2 apg
2022,G,,Kyle Lowry,Kyle Lowry,,3012,apg · 7.5 apg
2022,G,,Zavier Simpson,Zavier Simpson,,4066377,apg · 7.5 apg
2022,G,,D'Angelo Russell,D'Angelo Russell,,3136776,apg · 18.1 ppg · 7.1 apg
2023,C,,Joel Embiid,Joel Embiid,,3059318,ppg · 33.1 ppg · 10.2 rpg
2023,G,,Luka Dončić,Luka Doncic,,3945274,ppg · 32.4 ppg · 8.6 rpg · 8.0 apg
2023,G,,Damian Lillard,Damian Lillard,,6606,ppg · 32.2 ppg · 7.3 apg
2023,G,,Shai Gilgeous-Alexander,Shai Gilgeous-Alexander,,4278073,ppg · 31.4 ppg · 5.5 apg
2023,F,,Giannis Antetokounmpo,Giannis Antetokounmpo,,3032977,ppg · 31.1 ppg · 11.8 rpg · 5.7 apg
2023,F,,Jayson Tatum,Jayson Tatum,,4065648,ppg · 30.1 ppg · 8.8 rpg
2023,G,,Stephen Curry,Stephen Curry,,3975,ppg · 29.4 ppg · 6.3 apg
2023,F,,Kevin Durant,Kevin Durant,,3202,ppg · 29.1 ppg · 6.7 rpg · 5.0 apg
2023,F,,LeBron James,LeBron James,,1966,ppg · 28.9 ppg · 8.3 rpg · 6.8 apg
2023,G,,Donovan Mitchell,Donovan Mitchell,,3908809,ppg · 28.3 ppg
2023,G,,Devin Booker,Devin Booker,,3136193,ppg · 27.8 ppg · 5.5 apg
2023,G,,Kyrie Irving,Kyrie Irving,,6442,ppg · 27.0 ppg · 5.5 apg
2023,G,,Jaylen Brown,Jaylen Brown,,3917376,ppg · 26.6 ppg · 6.9 rpg
2023,G,,Trae Young,Trae Young,,4277905,ppg · 26.2 ppg · 10.2 apg
2023,G,,Ja Morant,Ja Morant,,4279888,ppg · 26.2 ppg · 8.1 apg
2023,F,,Zion Williamson,Zion Williamson,,4395628,ppg · 26.0 ppg · 7.0 rpg
2023,F,,Anthony Davis,Anthony Davis,,6583,ppg · 25.9 ppg · 12.5 rpg
2023,F,,Lauri Markkanen,Lauri Markkanen,,4066336,ppg · 25.6 ppg · 8.6 rpg
2023,F,,Julius Randle,Julius Randle,,3064514,ppg · 25.1 ppg · 10.0 rpg
2023,G,,De'Aaron Fox,De'Aaron Fox,,4066259,ppg · 25.0 ppg · 6.1 apg
2023,G,,Zach LaVine,Zach LaVine,,3064440,ppg · 24.8 ppg
2023,F,,Brandon Ingram,Brandon Ingram,,3913176,ppg · 24.7 ppg · 5.8 apg
2023,G,,Anthony Edwards (basketball),Anthony Edwards,,4594268,ppg · 24.6 ppg
2023,G,,DeMar DeRozan,DeMar DeRozan,,3978,ppg · 24.5 ppg · 5.1 apg
2023,C,,Nikola Jokić,Nikola Jokic,,3112335,ppg · 24.5 ppg · 11.8 rpg · 9.8 apg
2023,F,,Pascal Siakam,Pascal Siakam,,3149673,ppg · 24.2 ppg · 7.8 rpg · 5.8 apg
2023,G,,Jalen Brunson,Jalen Brunson,,3934672,ppg · 24.0 ppg · 6.2 apg
2023,F,,Kawhi Leonard,Kawhi Leonard,,6450,ppg · 23.8 ppg · 6.5 rpg
2023,F,,Paul George,Paul George,,4251,ppg · 23.8 ppg · 5.1 apg
2023,G,,LaMelo Ball,LaMelo Ball,,4432816,ppg · 23.3 ppg · 8.4 apg
2023,G,,Bradley Beal,Bradley Beal,,6580,ppg · 23.2 ppg · 5.4 apg
2023,C,,Kristaps Porziņģis,Kristaps Porzingis,,3102531,ppg · 23.2 ppg · 8.4 rpg
2023,F,,Jimmy Butler,Jimmy Butler III,,6430,ppg · 22.9 ppg · 5.3 apg
2023,G,,Jalen Green,Jalen Green,,4437244,ppg · 22.1 ppg
2023,F,,Keldon Johnson,Keldon Johnson,,4395723,ppg · 22.0 ppg
2023,G,,Klay Thompson,Klay Thompson,,6475,ppg · 21.9 ppg
2023,G,,Darius Garland,Darius Garland,,4396907,ppg · 21.6 ppg · 7.8 apg
2023,F,,Bojan Bogdanović,Bojan Bogdanovic,,3593,ppg · 21.6 ppg
2023,G,,Desmond Bane,Desmond Bane,,4066320,ppg · 21.5 ppg
2023,F,,Kyle Kuzma,Kyle Kuzma,,3134907,ppg · 21.2 ppg · 7.2 rpg
2023,F,,Domantas Sabonis,Domantas Sabonis,,3155942,rpg · 12.3 rpg · 7.3 apg
2023,C,,Rudy Gobert,Rudy Gobert,,3032976,rpg · 11.6 rpg
2023,C,,Steven Adams,Steven Adams,,2991235,rpg · 11.5 rpg
2023,C,,Clint Capela,Clint Capela,,3102529,rpg · 11.0 rpg
2023,C,,Nikola Vučević,Nikola Vucevic,,6478,rpg · 11.0 rpg
2023,G,,James Harden,James Harden,,3992,apg · 21.0 ppg · 10.7 apg
2023,G,,Tyrese Haliburton,Tyrese Haliburton,,4396993,apg · 20.7 ppg · 10.4 apg
2023,G,,Chris Paul,Chris Paul,,2779,apg · 8.9 apg
2023,G,,Skylar Mays,Skylar Mays,,4066269,apg · 8.3 apg
2023,G,,Russell Westbrook,Russell Westbrook,,3468,apg · 7.5 apg
2024,C,,Joel Embiid,Joel Embiid,,3059318,ppg · 34.7 ppg · 11.0 rpg · 5.6 apg
2024,G,,Luka Dončić,Luka Doncic,,3945274,ppg · 33.9 ppg · 9.2 rpg · 9.8 apg
2024,F,,Giannis Antetokounmpo,Giannis Antetokounmpo,,3032977,ppg · 30.4 ppg · 11.5 rpg · 6.5 apg
2024,G,,Shai Gilgeous-Alexander,Shai Gilgeous-Alexander,,4278073,ppg · 30.1 ppg · 6.2 apg
2024,G,,Jalen Brunson,Jalen Brunson,,3934672,ppg · 28.7 ppg · 6.7 apg
2024,F,,Kevin Durant,Kevin Durant,,3202,ppg · 27.1 ppg · 6.6 rpg · 5.0 apg
2024,G,,Devin Booker,Devin Booker,,3136193,ppg · 27.1 ppg · 6.9 apg
2024,F,,Jayson Tatum,Jayson Tatum,,4065648,ppg · 26.9 ppg · 8.1 rpg · 4.9 apg
2024,G,,Donovan Mitchell,Donovan Mitchell,,3908809,ppg · 26.6 ppg · 6.1 apg
2024,G,,De'Aaron Fox,De'Aaron Fox,,4066259,ppg · 26.6 ppg · 5.6 apg
2024,G,,Stephen Curry,Stephen Curry,,3975,ppg · 26.4 ppg · 5.1 apg
2024,C,,Nikola Jokić,Nikola Jokic,,3112335,ppg · 26.4 ppg · 12.4 rpg · 9.0 apg
2024,G,,Tyrese Maxey,Tyrese Maxey,,4431678,ppg · 25.9 ppg · 6.2 apg
2024,G,,Anthony Edwards (basketball),Anthony Edwards,,4594268,ppg · 25.9 ppg · 5.1 apg
2024,G,,Trae Young,Trae Young,,4277905,ppg · 25.7 ppg · 10.8 apg
2024,F,,LeBron James,LeBron James,,1966,ppg · 25.7 ppg · 7.3 rpg · 8.3 apg
2024,G,,Kyrie Irving,Kyrie Irving,,6442,ppg · 25.6 ppg · 5.2 apg
2024,G,,Ja Morant,Ja Morant,,4279888,ppg · 25.1 ppg · 8.1 apg
2024,F,,Anthony Davis,Anthony Davis,,6583,ppg · 24.7 ppg · 12.6 rpg
2024,G,,Damian Lillard,Damian Lillard,,6606,ppg · 24.3 ppg · 7.0 apg
2024,G,,DeMar DeRozan,DeMar DeRozan,,3978,ppg · 24.0 ppg · 5.3 apg
2024,F,,Julius Randle,Julius Randle,,3064514,ppg · 24.0 ppg · 9.2 rpg · 5.0 apg
2024,G,,LaMelo Ball,LaMelo Ball,,4432816,ppg · 23.9 ppg · 8.0 apg
2024,G,,Desmond Bane,Desmond Bane,,4066320,ppg · 23.7 ppg · 5.5 apg
2024,F,,Kawhi Leonard,Kawhi Leonard,,6450,ppg · 23.7 ppg
2024,F,,Lauri Markkanen,Lauri Markkanen,,4066336,ppg · 23.2 ppg · 8.2 rpg
2024,G,,Jaylen Brown,Jaylen Brown,,3917376,ppg · 23.0 ppg
2024,F,,Zion Williamson,Zion Williamson,,4395628,ppg · 22.9 ppg · 5.0 apg
2024,G,,Cade Cunningham,Cade Cunningham,,4432166,ppg · 22.7 ppg · 7.5 apg
2024,G,,Anfernee Simons,Anfernee Simons,,4351851,ppg · 22.6 ppg · 5.5 apg
2024,F,,Paul George,Paul George,,4251,ppg · 22.6 ppg
2024,F,,Paolo Banchero,Paolo Banchero,,4432573,ppg · 22.5 ppg · 6.9 rpg · 5.4 apg
2024,F,,Jaren Jackson Jr.,Jaren Jackson Jr.,,4277961,ppg · 22.5 ppg
2024,G,,Dejounte Murray,Dejounte Murray,,3907497,ppg · 22.5 ppg · 6.4 apg
2024,G,,Cam Thomas,Cam Thomas,,4432174,ppg · 22.5 ppg
2024,F,,Kyle Kuzma,Kyle Kuzma,,3134907,ppg · 22.2 ppg · 6.6 rpg
2024,C,,Karl-Anthony Towns,Karl-Anthony Towns,,3136195,ppg · 21.8 ppg · 8.3 rpg
2024,F,,Pascal Siakam,Pascal Siakam,,3149673,ppg · 21.7 ppg · 7.1 rpg
2024,F,,Victor Wembanyama,Victor Wembanyama,,5104157,ppg · 21.4 ppg · 10.6 rpg
2024,G,,Jamal Murray,Jamal Murray,,3936299,ppg · 21.2 ppg · 6.5 apg
2024,F,,Domantas Sabonis,Domantas Sabonis,,3155942,rpg · 19.4 ppg · 13.7 rpg · 8.2 apg
2024,C,,Rudy Gobert,Rudy Gobert,,3032976,rpg · 12.9 rpg
2024,C,,Jalen Duren,Jalen Duren,,4433621,rpg · 11.6 rpg
2024,C,,Deandre Ayton,Deandre Ayton,,4278129,rpg · 11.1 rpg
2024,C,,Jusuf Nurkić,Jusuf Nurkic,,3102530,rpg · 11.0 rpg
2024,G,,Tyrese Haliburton,Tyrese Haliburton,,4396993,apg · 20.1 ppg · 10.9 apg
2024,G,,James Harden,James Harden,,3992,apg · 8.5 apg
2024,G,,Fred VanVleet,Fred VanVleet,,2991230,apg · 8.1 apg
2024,G,,Tyus Jones,Tyus Jones,,3135046,apg · 7.3 apg
2024,G,,Chris Paul,Chris Paul,,2779,apg · 6.8 apg
2025,G,,Shai Gilgeous-Alexander,Shai Gilgeous-Alexander,,4278073,ppg · 32.7 ppg · 6.4 apg
2025,F,,Giannis Antetokounmpo,Giannis Antetokounmpo,,3032977,ppg · 30.4 ppg · 11.9 rpg · 6.5 apg
2025,C,,Nikola Jokić,Nikola Jokic,,3112335,ppg · 29.6 ppg · 12.7 rpg · 10.2 apg
2025,G,,Luka Dončić,Luka Doncic,,3945274,ppg · 28.2 ppg · 8.2 rpg · 7.7 apg
2025,G,,Anthony Edwards (basketball),Anthony Edwards,,4594268,ppg · 27.6 ppg
2025,F,,Jayson Tatum,Jayson Tatum,,4065648,ppg · 26.8 ppg · 8.7 rpg · 6.0 apg
2025,F,,Kevin Durant,Kevin Durant,,3202,ppg · 26.6 ppg
2025,G,,Tyrese Maxey,Tyrese Maxey,,4431678,ppg · 26.3 ppg · 6.1 apg
2025,G,,Cade Cunningham,Cade Cunningham,,4432166,ppg · 26.1 ppg · 9.1 apg
2025,G,,Jalen Brunson,Jalen Brunson,,3934672,ppg · 26.0 ppg · 7.3 apg
2025,F,,Paolo Banchero,Paolo Banchero,,4432573,ppg · 25.9 ppg · 7.5 rpg · 4.8 apg
2025,G,,Devin Booker,Devin Booker,,3136193,ppg · 25.6 ppg · 7.1 apg
2025,G,,LaMelo Ball,LaMelo Ball,,4432816,ppg · 25.2 ppg · 7.4 apg
2025,G,,Damian Lillard,Damian Lillard,,6606,ppg · 24.9 ppg · 7.1 apg
2025,F,,Anthony Davis,Anthony Davis,,6583,ppg · 24.7 ppg · 11.6 rpg
2025,G,,Kyrie Irving,Kyrie Irving,,6442,ppg · 24.7 ppg
2025,F,,Zion Williamson,Zion Williamson,,4395628,ppg · 24.6 ppg · 7.2 rpg · 5.3 apg
2025,G,,Stephen Curry,Stephen Curry,,3975,ppg · 24.5 ppg · 6.0 apg
2025,C,,Karl-Anthony Towns,Karl-Anthony Towns,,3136195,ppg · 24.4 ppg · 12.8 rpg
2025,F,,LeBron James,LeBron James,,1966,ppg · 24.4 ppg · 7.8 rpg · 8.2 apg
2025,F,,Victor Wembanyama,Victor Wembanyama,,5104157,ppg · 24.3 ppg · 11.0 rpg
2025,G,,Trae Young,Trae Young,,4277905,ppg · 24.2 ppg · 11.6 apg
2025,F,,Franz Wagner,Franz Wagner,,4566434,ppg · 24.1 ppg · 4.7 apg
2025,G,,Cam Thomas,Cam Thomas,,4432174,ppg · 24.0 ppg
2025,G,,Donovan Mitchell,Donovan Mitchell,,3908809,ppg · 24.0 ppg · 5.0 apg
2025,G,,Tyler Herro,Tyler Herro,,4395725,ppg · 23.9 ppg · 5.5 apg
2025,C,,Joel Embiid,Joel Embiid,,3059318,ppg · 23.8 ppg · 8.2 rpg
2025,G,,De'Aaron Fox,De'Aaron Fox,,4066259,ppg · 23.5 ppg · 6.3 apg
2025,G,,Zach LaVine,Zach LaVine,,3064440,ppg · 23.3 ppg
2025,G,,Ja Morant,Ja Morant,,4279888,ppg · 23.2 ppg · 7.3 apg
2025,G,,James Harden,James Harden,,3992,ppg · 22.8 ppg · 8.7 apg
2025,F,,Brandon Ingram,Brandon Ingram,,3913176,ppg · 22.2 ppg · 5.2 apg
2025,G,,DeMar DeRozan,DeMar DeRozan,,3978,ppg · 22.2 ppg
2025,G,,Jaylen Brown,Jaylen Brown,,3917376,ppg · 22.2 ppg
2025,F,,Jaren Jackson Jr.,Jaren Jackson Jr.,,4277961,ppg · 22.2 ppg
2025,G,,Norman Powell,Norman Powell,,2595516,ppg · 21.8 ppg
2025,G,,Jalen Williams,Jalen Williams,,4593803,ppg · 21.6 ppg · 5.1 apg
2025,F,,Kawhi Leonard,Kawhi Leonard,,6450,ppg · 21.5 ppg
2025,G,,Jamal Murray,Jamal Murray,,3936299,ppg · 21.4 ppg · 6.0 apg
2025,F,,Trey Murphy III,Trey Murphy III,,4397688,ppg · 21.2 ppg
2025,F,,Domantas Sabonis,Domantas Sabonis,,3155942,rpg · 19.1 ppg · 13.9 rpg · 6.0 apg
2025,C,,Ivica Zubac,Ivica Zubac,,4017837,rpg · 12.6 rpg
2025,C,,Walker Kessler,Walker Kessler,,4433136,rpg · 12.2 rpg
2025,C,,Rudy Gobert,Rudy Gobert,,3032976,rpg · 10.9 rpg
2025,C,,Isaiah Hartenstein,Isaiah Hartenstein,,4222252,rpg · 10.7 rpg
2025,G,,Tyrese Haliburton,Tyrese Haliburton,,4396993,apg · 9.2 apg
2025,G,,Chris Paul,Chris Paul,,2779,apg · 7.4 apg
2025,G,,Dejounte Murray,Dejounte Murray,,3907497,apg · 7.4 apg
2025,G,,Josh Giddey,Josh Giddey,,4871145,apg · 8.1 rpg · 7.2 apg
2025,G,,Elfrid Payton,Elfrid Payton,,2583639,apg · 6.9 apg
