season,team_id,espn_id,role,passing_yards,espn_order,starter,source
2000,ARI,1177,QB,2946,0,false,leaders
2000,ARI,367,QB,467,1,false,leaders
2000,ARI,1992,QB,65,2,false,leaders
2000,ATL,29,QB,2236,0,false,leaders
2000,ATL,975,QB,524,1,false,leaders
2000,ATL,2405,QB,406,2,false,leaders
2000,BAL,927,QB,1578,0,false,leaders
2000,BAL,649,QB,1502,1,false,leaders
2000,BAL,2206,QB,19,2,false,leaders
2000,BAL,1047,QB,3,3,false,leaders
2000,BUF,789,QB,2125,0,false,leaders
2000,BUF,35,QB,1700,1,false,leaders
2000,BUF,530,QB,67,2,false,leaders
2000,BUF,118,QB,44,3,false,leaders
2000,CAR,18,QB,3730,0,false,leaders
2000,CAR,1015,QB,120,1,false,leaders
2000,CAR,1340,QB,0,2,false,leaders
2000,CHI,1763,QB,1646,0,false,leaders
2000,CHI,520,QB,964,1,false,leaders
2000,CHI,580,QB,382,2,false,leaders
2000,CHI,228,QB,13,3,false,leaders
2000,CHI,2512,QB,0,4,false,leaders
2000,CIN,1754,QB,1253,0,false,leaders
2000,CIN,74,QB,966,1,false,leaders
2000,CLE,1752,QB,1483,0,false,leaders
2000,CLE,525,QB,1047,1,false,leaders
2000,CLE,2314,QB,167,2,false,leaders
2000,CLE,1784,QB,23,3,false,leaders
2000,CLE,2411,QB,8,4,false,leaders
2000,DAL,53,QB,1632,0,false,leaders
2000,DAL,8,QB,849,1,false,leaders
2000,DAL,2053,QB,237,2,false,leaders
2000,DAL,2480,QB,53,3,false,leaders
2000,DEN,1493,QB,2688,0,false,leaders
2000,DEN,622,QB,1776,1,false,leaders
2000,DEN,2345,QB,0,2,false,leaders
2000,DET,1490,QB,2489,0,false,leaders
2000,DET,760,QB,503,1,false,leaders
2000,GB,112,QB,3812,0,false,leaders
2000,GB,1575,QB,104,1,false,leaders
2000,GB,1432,QB,0,2,false,leaders
2000,IND,1428,QB,4413,0,false,leaders
2000,JAX,445,QB,3640,0,false,leaders
2000,JAX,531,QB,307,1,false,leaders
2000,KC,399,QB,4169,0,false,leaders
2000,KC,7,QB,208,1,false,leaders
2000,KC,2152,QB,31,2,false,leaders
2000,LAC,1427,QB,1883,0,false,leaders
2000,LAC,27,QB,1416,1,false,leaders
2000,LAC,1610,QB,241,2,false,leaders
2000,LAC,1411,QB,0,3,false,leaders
2000,LAR,1682,QB,3429,0,false,leaders
2000,LAR,478,QB,2063,1,false,leaders
2000,LV,33,QB,3430,0,false,leaders
2000,LV,977,QB,0,1,false,leaders
2000,MIA,712,QB,2402,0,false,leaders
2000,MIA,1398,QB,318,1,false,leaders
2000,MIA,603,QB,0,2,false,leaders
2000,MIN,1762,QB,3937,0,false,leaders
2000,MIN,22,QB,82,1,false,leaders
2000,MIN,619,QB,0,2,false,leaders
2000,NE,393,QB,3291,0,false,leaders
2000,NE,1980,QB,80,1,false,leaders
2000,NE,76,QB,66,2,false,leaders
2000,NE,44,QB,18,3,false,leaders
2000,NE,2330,QB,6,4,false,leaders
2000,NO,341,QB,2025,0,false,leaders
2000,NO,1884,QB,1514,1,false,leaders
2000,NO,1756,QB,34,2,false,leaders
2000,NYG,734,QB,3610,0,false,leaders
2000,NYJ,9,QB,3732,0,false,leaders
2000,NYJ,1161,QB,206,1,false,leaders
2000,NYJ,2149,QB,67,2,false,leaders
2000,NYJ,775,QB,18,3,false,leaders
2000,PHI,1753,QB,3365,0,false,leaders
2000,PHI,102,QB,21,1,false,leaders
2000,PHI,334,QB,0,2,false,leaders
2000,PHI,1683,QB,0,3,false,leaders
2000,PIT,736,QB,1860,0,false,leaders
2000,PIT,337,QB,878,1,false,leaders
2000,PIT,389,QB,0,2,false,leaders
2000,SEA,1383,QB,2658,0,false,leaders
2000,SEA,1830,QB,540,1,false,leaders
2000,SEA,26,QB,0,2,false,leaders
2000,SEA,2519,QB,0,3,false,leaders
2000,SF,2026,QB,4278,0,false,leaders
2000,SF,398,QB,126,1,false,leaders
2000,SF,12,QB,0,2,false,leaders
2000,SF,2343,QB,-4,3,false,leaders
2000,TB,1803,QB,2769,0,false,leaders
2000,TB,131,QB,36,1,false,leaders
2000,TB,780,QB,19,2,false,leaders
2000,TB,925,QB,0,3,false,leaders
2000,TEN,733,QB,2847,0,false,leaders
2000,TEN,127,QB,530,1,false,leaders
2000,TEN,516,QB,53,2,false,leaders
2000,WSH,331,QB,2505,0,false,leaders
2000,WSH,69,QB,1389,1,false,leaders
2000,WSH,2333,QB,-2,2,false,leaders
2001,ARI,1177,QB,3653,0,false,leaders
2001,ARI,749,QB,0,1,false,leaders
2001,ATL,29,QB,2847,0,false,leaders
2001,ATL,2549,QB,785,1,false,leaders
2001,ATL,118,QB,40,2,false,leaders
2001,ATL,2405,QB,23,3,false,leaders
2001,BAL,399,QB,3033,0,false,leaders
2001,BAL,8,QB,573,1,false,leaders
2001,BAL,1395,QB,-11,2,false,leaders
2001,BUF,530,QB,2056,0,false,leaders
2001,BUF,789,QB,1465,1,false,leaders
2001,BUF,2519,QB,201,2,false,leaders
2001,BUF,2797,QB,0,3,false,leaders
2001,CAR,2655,QB,2931,0,false,leaders
2001,CAR,2474,QB,133,1,false,leaders
2001,CAR,1737,QB,34,2,false,leaders
2001,CAR,993,QB,0,3,false,leaders
2001,CHI,580,QB,2299,0,false,leaders
2001,CHI,520,QB,694,1,false,leaders
2001,CHI,1831,QB,34,2,false,leaders
2001,CHI,1252,QB,27,3,false,leaders
2001,CHI,1266,QB,18,4,false,leaders
2001,CIN,1383,QB,3216,0,false,leaders
2001,CIN,74,QB,38,1,false,leaders
2001,CIN,1754,QB,37,2,false,leaders
2001,CIN,1196,QB,0,3,false,leaders
2001,CLE,1752,QB,3040,0,false,leaders
2001,CLE,1162,QB,114,1,false,leaders
2001,DAL,2601,QB,1072,0,false,leaders
2001,DAL,2053,QB,529,1,false,leaders
2001,DAL,1427,QB,494,2,false,leaders
2001,DAL,2480,QB,314,3,false,leaders
2001,DAL,2387,QB,0,4,false,leaders
2001,DAL,751,QB,-1,5,false,leaders
2001,DEN,1493,QB,2827,0,false,leaders
2001,DEN,622,QB,308,1,false,leaders
2001,DEN,2345,QB,73,2,false,leaders
2001,DET,1490,QB,2392,0,false,leaders
2001,DET,321,QB,906,1,false,leaders
2001,DET,2698,QB,671,2,false,leaders
2001,DET,551,QB,0,3,false,leaders
2001,GB,112,QB,3921,0,false,leaders
2001,IND,1428,QB,4131,0,false,leaders
2001,IND,30,QB,57,1,false,leaders
2001,IND,744,QB,39,2,false,leaders
2001,JAX,445,QB,3309,0,false,leaders
2001,JAX,1639,QB,361,1,false,leaders
2001,KC,478,QB,3783,0,false,leaders
2001,KC,735,QB,40,1,false,leaders
2001,KC,1231,QB,40,2,false,leaders
2001,LAC,35,QB,3464,0,false,leaders
2001,LAC,2580,QB,221,1,false,leaders
2001,LAR,1682,QB,4830,0,false,leaders
2001,LAR,1492,QB,51,1,false,leaders
2001,LAR,531,QB,22,2,false,leaders
2001,LAR,548,QB,0,3,false,leaders
2001,LV,33,QB,3828,0,false,leaders
2001,LV,2607,QB,34,1,false,leaders
2001,MIA,712,QB,3290,0,false,leaders
2001,MIA,1161,QB,45,1,false,leaders
2001,MIN,1762,QB,2612,0,false,leaders
2001,MIN,1417,QB,795,1,false,leaders
2001,MIN,2314,QB,418,2,false,leaders
2001,MIN,1433,QB,29,3,false,leaders
2001,MIN,619,QB,0,4,false,leaders
2001,NE,2330,QB,2843,0,false,leaders
2001,NE,393,QB,400,1,false,leaders
2001,NE,1393,QB,60,2,false,leaders
2001,NE,1798,QB,23,3,false,leaders
2001,NO,1884,QB,3832,0,false,leaders
2001,NO,2571,QB,12,1,false,leaders
2001,NO,341,QB,0,2,false,leaders
2001,NO,1042,QB,0,3,false,leaders
2001,NYG,734,QB,3764,0,false,leaders
2001,NYJ,9,QB,2752,0,false,leaders
2001,NYJ,2149,QB,92,1,false,leaders
2001,NYJ,775,QB,18,2,false,leaders
2001,NYJ,42,QB,9,3,false,leaders
2001,NYJ,2597,QB,0,4,false,leaders
2001,PHI,1753,QB,3233,0,false,leaders
2001,PHI,2704,QB,143,1,false,leaders
2001,PHI,1683,QB,51,2,false,leaders
2001,PHI,2573,QB,0,3,false,leaders
2001,PIT,736,QB,3109,0,false,leaders
2001,PIT,279,QB,154,1,false,leaders
2001,PIT,389,QB,32,2,false,leaders
2001,PIT,1494,QB,0,3,false,leaders
2001,SEA,1575,QB,2023,0,false,leaders
2001,SEA,649,QB,1014,1,false,leaders
2001,SEA,1830,QB,127,2,false,leaders
2001,SEA,26,QB,0,3,false,leaders
2001,SF,2026,QB,3538,0,false,leaders
2001,SF,2343,QB,21,1,false,leaders
2001,TB,331,QB,3406,0,false,leaders
2001,TB,1803,QB,210,1,false,leaders
2001,TB,131,QB,5,2,false,leaders
2001,TB,1833,QB,0,3,false,leaders
2001,TEN,733,QB,3350,0,false,leaders
2001,TEN,127,QB,496,1,false,leaders
2001,TEN,516,QB,21,2,false,leaders
2001,TEN,538,QB,0,3,false,leaders
2001,TEN,2344,QB,0,4,false,leaders
2001,TEN,2440,QB,0,5,false,leaders
2001,WSH,927,QB,2386,0,false,leaders
2001,WSH,69,QB,168,1,false,leaders
2001,WSH,337,QB,131,2,false,leaders
2001,WSH,1210,QB,31,3,false,leaders
2002,ARI,1177,QB,2972,0,false,leaders
2002,ARI,3609,QB,66,1,false,leaders
2002,ATL,2549,QB,2936,0,false,leaders
2002,ATL,2405,QB,448,1,false,leaders
2002,ATL,118,QB,0,2,false,leaders
2002,BAL,341,QB,2084,0,false,leaders
2002,BAL,2206,QB,1034,1,false,leaders
2002,BAL,2579,QB,0,2,false,leaders
2002,BAL,3640,QB,0,3,false,leaders
2002,BUF,393,QB,4359,0,false,leaders
2002,BUF,530,QB,5,1,false,leaders
2002,CAR,59,QB,2630,0,false,leaders
2002,CAR,2655,QB,180,1,false,leaders
2002,CAR,3665,QB,171,2,false,leaders
2002,CAR,2724,QB,0,3,false,leaders
2002,CHI,580,QB,1944,0,false,leaders
2002,CHI,29,QB,1023,1,false,leaders
2002,CHI,2856,QB,207,2,false,leaders
2002,CHI,1799,QB,59,3,false,leaders
2002,CHI,1831,QB,44,4,false,leaders
2002,CHI,1266,QB,27,5,false,leaders
2002,CHI,1252,QB,12,6,false,leaders
2002,CHI,2140,QB,0,7,false,leaders
2002,CIN,1383,QB,3178,0,false,leaders
2002,CIN,622,QB,437,1,false,leaders
2002,CIN,1754,QB,117,2,false,leaders
2002,CLE,1752,QB,2842,0,false,leaders
2002,CLE,1162,QB,790,1,false,leaders
2002,CLE,1784,QB,33,2,false,leaders
2002,CLE,4291,QB,0,3,false,leaders
2002,DAL,3790,QB,1555,0,false,leaders
2002,DAL,2601,QB,1465,1,false,leaders
2002,DEN,1493,QB,3214,0,false,leaders
2002,DEN,18,QB,925,1,false,leaders
2002,DEN,866,QB,0,2,false,leaders
2002,DET,3531,QB,2294,0,false,leaders
2002,DET,2698,QB,874,1,false,leaders
2002,DET,740,QB,0,2,false,leaders
2002,GB,112,QB,3658,0,false,leaders
2002,GB,525,QB,134,1,false,leaders
2002,GB,2145,QB,31,2,false,leaders
2002,HOU,3529,QB,2592,0,false,leaders
2002,HOU,3561,QB,39,1,false,leaders
2002,HOU,1420,QB,5,2,false,leaders
2002,IND,1428,QB,4200,0,false,leaders
2002,JAX,445,QB,2788,0,false,leaders
2002,JAX,3636,QB,231,1,false,leaders
2002,KC,478,QB,3690,0,false,leaders
2002,KC,735,QB,73,1,false,leaders
2002,KC,1306,QB,0,2,false,leaders
2002,LAC,2580,QB,3284,0,false,leaders
2002,LAC,35,QB,64,1,false,leaders
2002,LAC,3576,QB,20,2,false,leaders
2002,LAR,2299,QB,1826,0,false,leaders
2002,LAR,1682,QB,1431,1,false,leaders
2002,LAR,531,QB,1216,2,false,leaders
2002,LAR,1998,QB,7,3,false,leaders
2002,LAR,90,QB,0,4,false,leaders
2002,LV,33,QB,4689,0,false,leaders
2002,LV,391,QB,0,1,false,leaders
2002,MIA,712,QB,2024,0,false,leaders
2002,MIA,1161,QB,1045,1,false,leaders
2002,MIA,2658,QB,0,2,false,leaders
2002,MIN,1762,QB,3853,0,false,leaders
2002,MIN,1417,QB,85,1,false,leaders
2002,MIN,1433,QB,13,2,false,leaders
2002,NE,2330,QB,3764,0,false,leaders
2002,NE,3645,QB,3,1,false,leaders
2002,NE,1393,QB,0,2,false,leaders
2002,NE,1798,QB,0,3,false,leaders
2002,NO,1884,QB,3572,0,false,leaders
2002,NO,1693,QB,113,1,false,leaders
2002,NYG,734,QB,4073,0,false,leaders
2002,NYG,2674,QB,30,1,false,leaders
2002,NYJ,2149,QB,3120,0,false,leaders
2002,NYJ,9,QB,499,1,false,leaders
2002,NYJ,458,QB,0,2,false,leaders
2002,NYJ,796,QB,0,3,false,leaders
2002,NYJ,838,QB,0,4,false,leaders
2002,PHI,1753,QB,2289,0,false,leaders
2002,PHI,2704,QB,1011,1,false,leaders
2002,PHI,1683,QB,224,2,false,leaders
2002,PHI,102,QB,57,3,false,leaders
2002,PHI,3619,QB,25,4,false,leaders
2002,PHI,637,QB,0,5,false,leaders
2002,PHI,2573,QB,0,6,false,leaders
2002,PIT,279,QB,2836,0,false,leaders
2002,PIT,736,QB,1155,1,false,leaders
2002,PIT,3590,QB,45,2,false,leaders
2002,SEA,1575,QB,3075,0,false,leaders
2002,SEA,649,QB,1182,1,false,leaders
2002,SF,2026,QB,3344,0,false,leaders
2002,SF,2343,QB,232,1,false,leaders
2002,TB,331,QB,3049,0,false,leaders
2002,TB,789,QB,536,1,false,leaders
2002,TB,1803,QB,80,2,false,leaders
2002,TB,42,QB,0,3,false,leaders
2002,TEN,733,QB,3387,0,false,leaders
2002,TEN,127,QB,24,1,false,leaders
2002,TEN,538,QB,17,2,false,leaders
2002,TEN,516,QB,13,3,false,leaders
2002,WSH,3560,QB,1539,0,false,leaders
2002,WSH,520,QB,1251,1,false,leaders
2002,WSH,1264,QB,719,2,false,leaders
2002,WSH,1210,QB,14,3,false,leaders
2002,WSH,1100,QB,0,4,false,leaders
2002,WSH,2563,QB,0,5,false,leaders
2003,ARI,341,QB,2247,0,false,leaders
2003,ARI,3609,QB,1018,1,false,leaders
2003,ARI,4512,QB,0,2,false,leaders
2003,ATL,2405,QB,1655,0,false,leaders
2003,ATL,2549,QB,585,1,false,leaders
2003,ATL,3686,QB,391,2,false,leaders
2003,ATL,118,QB,0,3,false,leaders
2003,ATL,3546,QB,0,4,false,leaders
2003,ATL,4413,QB,0,5,false,leaders
2003,BAL,4477,QB,1260,0,false,leaders
2003,BAL,2053,QB,1199,1,false,leaders
2003,BAL,2206,QB,58,2,false,leaders
2003,BUF,393,QB,2860,0,false,leaders
2003,BUF,2519,QB,160,1,false,leaders
2003,BUF,530,QB,49,2,false,leaders
2003,BUF,2606,QB,0,3,false,leaders
2003,CAR,1693,QB,3219,0,false,leaders
2003,CAR,59,QB,19,1,false,leaders
2003,CAR,768,QB,0,2,false,leaders
2003,CHI,736,QB,1418,0,false,leaders
2003,CHI,29,QB,1050,1,false,leaders
2003,CHI,4480,QB,437,2,false,leaders
2003,CIN,1383,QB,3591,0,false,leaders
2003,CLE,1162,QB,1797,0,false,leaders
2003,CLE,1752,QB,1319,1,false,leaders
2003,CLE,554,QB,0,2,false,leaders
2003,CLE,1784,QB,0,3,false,leaders
2003,CLE,2163,QB,0,4,false,leaders
2003,CLE,4291,QB,0,5,false,leaders
2003,DAL,2601,QB,3302,0,false,leaders
2003,DAL,2816,QB,37,1,false,leaders
2003,DAL,3790,QB,8,2,false,leaders
2003,DAL,458,QB,0,3,false,leaders
2003,DAL,940,QB,0,4,false,leaders
2003,DEN,1177,QB,2182,0,false,leaders
2003,DEN,975,QB,442,1,false,leaders
2003,DEN,18,QB,389,2,false,leaders
2003,DEN,866,QB,72,3,false,leaders
2003,DEN,2345,QB,41,4,false,leaders
2003,DEN,2387,QB,0,5,false,leaders
2003,DET,3531,QB,2880,0,false,leaders
2003,DET,2698,QB,87,1,false,leaders
2003,DET,1492,QB,21,2,false,leaders
2003,DET,640,QB,0,3,false,leaders
2003,DET,2669,QB,0,4,false,leaders
2003,GB,112,QB,3361,0,false,leaders
2003,GB,525,QB,16,1,false,leaders
2003,HOU,3529,QB,2013,0,false,leaders
2003,HOU,927,QB,693,1,false,leaders
2003,HOU,4546,QB,135,2,false,leaders
2003,HOU,2021,QB,0,3,false,leaders
2003,HOU,3561,QB,0,4,false,leaders
2003,IND,1428,QB,4267,0,false,leaders
2003,IND,1830,QB,22,1,false,leaders
2003,JAX,4465,QB,2819,0,false,leaders
2003,JAX,445,QB,484,1,false,leaders
2003,JAX,3636,QB,86,2,false,leaders
2003,JAX,4590,QB,32,3,false,leaders
2003,JAX,131,QB,0,4,false,leaders
2003,KC,478,QB,4039,0,false,leaders
2003,KC,735,QB,74,1,false,leaders
2003,KC,1306,QB,0,2,false,leaders
2003,LAC,2580,QB,2108,0,false,leaders
2003,LAC,35,QB,1097,1,false,leaders
2003,LAC,2553,QB,21,2,false,leaders
2003,LAC,833,QB,0,3,false,leaders
2003,LAR,2299,QB,3845,0,false,leaders
2003,LAR,1682,QB,365,1,false,leaders
2003,LAR,658,QB,66,2,false,leaders
2003,LAR,2417,QB,11,3,false,leaders
2003,LV,33,QB,1274,0,false,leaders
2003,LV,398,QB,1267,1,false,leaders
2003,LV,2607,QB,324,2,false,leaders
2003,LV,2294,QB,69,3,false,leaders
2003,LV,789,QB,54,4,false,leaders
2003,LV,12,QB,0,5,false,leaders
2003,MIA,712,QB,2138,0,false,leaders
2003,MIA,1493,QB,813,1,false,leaders
2003,MIA,2658,QB,50,2,false,leaders
2003,MIN,1762,QB,3479,0,false,leaders
2003,MIN,622,QB,690,1,false,leaders
2003,MIN,1433,QB,0,2,false,leaders
2003,NE,2330,QB,3620,0,false,leaders
2003,NE,3645,QB,31,1,false,leaders
2003,NE,1398,QB,0,2,false,leaders
2003,NE,1798,QB,0,3,false,leaders
2003,NE,3757,QB,0,4,false,leaders
2003,NO,1884,QB,3546,0,false,leaders
2003,NO,1417,QB,81,1,false,leaders
2003,NO,1042,QB,14,2,false,leaders
2003,NO,619,QB,0,3,false,leaders
2003,NO,2571,QB,0,4,false,leaders
2003,NYG,734,QB,3110,0,false,leaders
2003,NYG,2674,QB,532,1,false,leaders
2003,NYJ,2149,QB,2139,0,false,leaders
2003,NYJ,9,QB,1385,1,false,leaders
2003,NYJ,97,QB,0,2,false,leaders
2003,PHI,1753,QB,3216,0,false,leaders
2003,PHI,1683,QB,32,1,false,leaders
2003,PHI,2573,QB,25,2,false,leaders
2003,PIT,279,QB,3414,0,false,leaders
2003,PIT,1099,QB,81,1,false,leaders
2003,PIT,1490,QB,47,2,false,leaders
2003,PIT,3590,QB,6,3,false,leaders
2003,SEA,1575,QB,3841,0,false,leaders
2003,SEA,649,QB,31,1,false,leaders
2003,SF,2026,QB,2704,0,false,leaders
2003,SF,2343,QB,856,1,false,leaders
2003,SF,2718,QB,6,2,false,leaders
2003,TB,331,QB,3811,0,false,leaders
2003,TB,1803,QB,130,1,false,leaders
2003,TEN,733,QB,3215,0,false,leaders
2003,TEN,2440,QB,545,1,false,leaders
2003,TEN,127,QB,232,2,false,leaders
2003,TEN,538,QB,25,3,false,leaders
2003,TEN,2898,QB,14,4,false,leaders
2003,WSH,3560,QB,2166,0,false,leaders
2003,WSH,2635,QB,1012,1,false,leaders
2003,WSH,2563,QB,46,2,false,leaders
2003,WSH,789,QB,39,3,false,leaders
2003,WSH,4690,QB,7,4,false,leaders
2003,WSH,137,QB,3,5,false,leaders
2004,ARI,3609,QB,2511,0,false,leaders
2004,ARI,1803,QB,502,1,false,leaders
2004,ARI,5727,QB,168,2,false,leaders
2004,ARI,72,QB,21,3,false,leaders
2004,ATL,2549,QB,2313,0,false,leaders
2004,ATL,5615,QB,330,1,false,leaders
2004,ATL,1806,QB,25,2,false,leaders
2004,ATL,118,QB,24,3,false,leaders
2004,BAL,4477,QB,2559,0,false,leaders
2004,BAL,4396,QB,0,1,false,leaders
2004,BUF,393,QB,2932,0,false,leaders
2004,BUF,520,QB,44,1,false,leaders
2004,BUF,5547,QB,32,2,false,leaders
2004,BUF,2797,QB,24,3,false,leaders
2004,CAR,1693,QB,3886,0,false,leaders
2004,CAR,59,QB,3,1,false,leaders
2004,CAR,90,QB,0,2,false,leaders
2004,CAR,2622,QB,0,3,false,leaders
2004,CHI,3790,QB,903,0,false,leaders
2004,CHI,5673,QB,718,1,false,leaders
2004,CHI,4480,QB,607,2,false,leaders
2004,CHI,1639,QB,413,3,false,leaders
2004,CHI,2305,QB,0,4,false,leaders
2004,CIN,4459,QB,2897,0,false,leaders
2004,CIN,1383,QB,623,1,false,leaders
2004,CLE,2026,QB,1731,0,false,leaders
2004,CLE,1162,QB,737,1,false,leaders
2004,CLE,5631,QB,608,2,false,leaders
2004,CLE,4291,QB,0,3,false,leaders
2004,CLE,5733,QB,0,4,false,leaders
2004,DAL,9,QB,3532,0,false,leaders
2004,DAL,4650,QB,78,1,false,leaders
2004,DAL,458,QB,26,2,false,leaders
2004,DAL,924,QB,0,3,false,leaders
2004,DAL,940,QB,0,4,false,leaders
2004,DAL,5096,QB,0,5,false,leaders
2004,DAL,5741,QB,0,6,false,leaders
2004,DEN,1177,QB,4089,0,false,leaders
2004,DET,3531,QB,3047,0,false,leaders
2004,DET,2698,QB,77,1,false,leaders
2004,DET,5532,QB,0,2,false,leaders
2004,GB,112,QB,4088,0,false,leaders
2004,GB,3692,QB,314,1,false,leaders
2004,GB,525,QB,120,2,false,leaders
2004,GB,1432,QB,20,3,false,leaders
2004,GB,4242,QB,8,4,false,leaders
2004,HOU,3529,QB,3531,0,false,leaders
2004,HOU,927,QB,16,1,false,leaders
2004,HOU,3561,QB,0,2,false,leaders
2004,IND,1428,QB,4557,0,false,leaders
2004,IND,5718,QB,175,1,false,leaders
2004,IND,2055,QB,0,2,false,leaders
2004,JAX,4465,QB,2941,0,false,leaders
2004,JAX,3636,QB,374,1,false,leaders
2004,KC,478,QB,4591,0,false,leaders
2004,KC,735,QB,42,1,false,leaders
2004,LAC,2580,QB,3159,0,false,leaders
2004,LAC,35,QB,276,1,false,leaders
2004,LAC,2553,QB,38,2,false,leaders
2004,LAC,5529,QB,33,3,false,leaders
2004,LAC,276,QB,0,4,false,leaders
2004,LAC,4607,QB,0,5,false,leaders
2004,LAR,2299,QB,3964,0,false,leaders
2004,LAR,29,QB,463,1,false,leaders
2004,LAR,531,QB,188,2,false,leaders
2004,LAR,658,QB,0,3,false,leaders
2004,LAR,726,QB,0,4,false,leaders
2004,LV,734,QB,3495,0,false,leaders
2004,LV,33,QB,524,1,false,leaders
2004,LV,3734,QB,0,2,false,leaders
2004,MIA,2704,QB,1893,0,false,leaders
2004,MIA,712,QB,1186,1,false,leaders
2004,MIA,2658,QB,264,2,false,leaders
2004,MIA,1831,QB,48,3,false,leaders
2004,MIN,1762,QB,4717,0,false,leaders
2004,MIN,1433,QB,37,1,false,leaders
2004,MIN,622,QB,0,2,false,leaders
2004,MIN,5644,QB,0,3,false,leaders
2004,NE,2330,QB,3692,0,false,leaders
2004,NE,3645,QB,54,1,false,leaders
2004,NE,1097,QB,4,2,false,leaders
2004,NO,1884,QB,3810,0,false,leaders
2004,NYG,1682,QB,2054,0,false,leaders
2004,NYG,5526,QB,1043,1,false,leaders
2004,NYG,26,QB,0,2,false,leaders
2004,NYJ,2149,QB,2673,0,false,leaders
2004,NYJ,2601,QB,498,1,false,leaders
2004,NYJ,4658,QB,60,2,false,leaders
2004,NYJ,2597,QB,0,3,false,leaders
2004,PHI,1753,QB,3875,0,false,leaders
2004,PHI,1683,QB,207,1,false,leaders
2004,PHI,341,QB,126,2,false,leaders
2004,PHI,526,QB,0,3,false,leaders
2004,PIT,5536,QB,2621,0,false,leaders
2004,PIT,279,QB,329,1,false,leaders
2004,PIT,389,QB,10,2,false,leaders
2004,PIT,3590,QB,10,3,false,leaders
2004,PIT,4621,QB,0,4,false,leaders
2004,SEA,1575,QB,3382,0,false,leaders
2004,SEA,649,QB,333,1,false,leaders
2004,SF,2343,QB,2169,0,false,leaders
2004,SF,4699,QB,1231,1,false,leaders
2004,SF,5742,QB,55,2,false,leaders
2004,TB,1493,QB,2632,0,false,leaders
2004,TB,331,QB,674,1,false,leaders
2004,TB,4555,QB,467,2,false,leaders
2004,TEN,2440,QB,2486,0,false,leaders
2004,TEN,733,QB,1343,1,false,leaders
2004,TEN,2405,QB,68,2,false,leaders
2004,TEN,2898,QB,26,3,false,leaders
2004,TEN,538,QB,10,4,false,leaders
2004,WSH,3560,QB,1665,0,false,leaders
2004,WSH,445,QB,1194,1,false,leaders
2004,WSH,3579,QB,15,2,false,leaders
2004,WSH,2563,QB,0,3,false,leaders
2005,ARI,1682,QB,2713,0,false,leaders
2005,ARI,3609,QB,1836,1,false,leaders
2005,ARI,5727,QB,174,2,false,leaders
2005,ARI,4512,QB,0,3,false,leaders
2005,ATL,2549,QB,2412,0,false,leaders
2005,ATL,5615,QB,495,1,false,leaders
2005,BAL,4477,QB,1799,0,false,leaders
2005,BAL,2053,QB,1582,1,false,leaders
2005,BAL,4396,QB,0,2,false,leaders
2005,BAL,8437,QB,0,3,false,leaders
2005,BUF,1162,QB,1509,0,false,leaders
2005,BUF,5547,QB,1340,1,false,leaders
2005,BUF,8469,QB,3,2,false,leaders
2005,CAR,1693,QB,3421,0,false,leaders
2005,CAR,2655,QB,64,1,false,leaders
2005,CAR,3562,QB,0,2,false,leaders
2005,CHI,8520,QB,1869,0,false,leaders
2005,CHI,4480,QB,259,1,false,leaders
2005,CHI,341,QB,55,2,false,leaders
2005,CHI,1252,QB,18,3,false,leaders
2005,CIN,4459,QB,3836,0,false,leaders
2005,CIN,1383,QB,99,1,false,leaders
2005,CLE,649,QB,2321,0,false,leaders
2005,CLE,8481,QB,1002,1,false,leaders
2005,DAL,393,QB,3639,0,false,leaders
2005,DAL,924,QB,0,1,false,leaders
2005,DEN,1177,QB,3366,0,false,leaders
2005,DEN,5775,QB,7,1,false,leaders
2005,DEN,866,QB,0,2,false,leaders
2005,DET,3531,QB,2021,0,false,leaders
2005,DET,2026,QB,937,1,false,leaders
2005,DET,8559,QB,63,2,false,leaders
2005,GB,112,QB,3881,0,false,leaders
2005,GB,8439,QB,65,1,false,leaders
2005,GB,4242,QB,14,2,false,leaders
2005,GB,5612,QB,4,3,false,leaders
2005,HOU,3529,QB,2488,0,false,leaders
2005,HOU,927,QB,173,1,false,leaders
2005,HOU,4559,QB,0,2,false,leaders
2005,IND,1428,QB,3747,0,false,leaders
2005,IND,5718,QB,444,1,false,leaders
2005,IND,1963,QB,0,2,false,leaders
2005,JAX,4465,QB,2123,0,false,leaders
2005,JAX,3636,QB,1117,1,false,leaders
2005,JAX,4268,QB,100,2,false,leaders
2005,JAX,8436,QB,12,3,false,leaders
2005,KC,478,QB,4014,0,false,leaders
2005,LAC,2580,QB,3576,0,false,leaders
2005,LAC,5529,QB,115,1,false,leaders
2005,LAC,2553,QB,47,2,false,leaders
2005,LAR,2299,QB,2297,0,false,leaders
2005,LAR,531,QB,1277,1,false,leaders
2005,LAR,8664,QB,777,2,false,leaders
2005,LV,734,QB,3759,0,false,leaders
2005,LV,2607,QB,124,1,false,leaders
2005,MIA,622,QB,2996,0,false,leaders
2005,MIA,2658,QB,462,1,false,leaders
2005,MIA,1831,QB,0,2,false,leaders
2005,MIN,331,QB,1885,0,false,leaders
2005,MIN,1762,QB,1564,1,false,leaders
2005,NE,2330,QB,4110,0,false,leaders
2005,NE,8644,QB,183,1,false,leaders
2005,NE,35,QB,29,2,false,leaders
2005,NO,1884,QB,2882,0,false,leaders
2005,NO,1417,QB,722,1,false,leaders
2005,NYG,5526,QB,3762,0,false,leaders
2005,NYG,1218,QB,0,1,false,leaders
2005,NYJ,4658,QB,1558,0,false,leaders
2005,NYJ,9,QB,777,1,false,leaders
2005,NYJ,2149,QB,530,2,false,leaders
2005,NYJ,712,QB,107,3,false,leaders
2005,NYJ,4659,QB,17,4,false,leaders
2005,PHI,1753,QB,2507,0,false,leaders
2005,PHI,2698,QB,1158,1,false,leaders
2005,PHI,1683,QB,238,2,false,leaders
2005,PIT,5536,QB,2385,0,false,leaders
2005,PIT,279,QB,406,1,false,leaders
2005,PIT,1490,QB,246,2,false,leaders
2005,PIT,3590,QB,67,3,false,leaders
2005,PIT,269,QB,0,4,false,leaders
2005,SEA,1575,QB,3459,0,false,leaders
2005,SEA,4568,QB,173,1,false,leaders
2005,SF,8416,QB,875,0,false,leaders
2005,SF,2343,QB,667,1,false,leaders
2005,SF,4699,QB,481,2,false,leaders
2005,SF,5742,QB,140,3,false,leaders
2005,SF,4655,QB,27,4,false,leaders
2005,TB,4555,QB,2035,0,false,leaders
2005,TB,1493,QB,1136,1,false,leaders
2005,TEN,733,QB,3161,0,false,leaders
2005,TEN,2440,QB,474,1,false,leaders
2005,TEN,5750,QB,136,2,false,leaders
2005,TEN,538,QB,26,3,false,leaders
2005,TEN,2898,QB,0,4,false,leaders
2005,WSH,445,QB,3050,0,false,leaders
2005,WSH,3560,QB,279,1,false,leaders
2005,WSH,3579,QB,17,2,false,leaders
2006,ARI,9596,QB,2547,0,false,leaders
2006,ARI,1682,QB,1377,1,false,leaders
2006,ATL,2549,QB,2474,0,false,leaders
2006,ATL,5615,QB,208,1,false,leaders
2006,ATL,9665,QB,0,2,false,leaders
2006,BAL,733,QB,3050,0,false,leaders
2006,BAL,4477,QB,485,1,false,leaders
2006,BAL,8437,QB,0,2,false,leaders
2006,BUF,5547,QB,3051,0,false,leaders
2006,BUF,2797,QB,0,1,false,leaders
2006,BUF,5538,QB,0,2,false,leaders
2006,CAR,1693,QB,2805,0,false,leaders
2006,CAR,2655,QB,625,1,false,leaders
2006,CAR,9858,QB,56,2,false,leaders
2006,CAR,924,QB,0,3,false,leaders
2006,CHI,4480,QB,3193,0,false,leaders
2006,CHI,1493,QB,220,1,false,leaders
2006,CHI,1252,QB,37,2,false,leaders
2006,CHI,2138,QB,-4,3,false,leaders
2006,CIN,4459,QB,4035,0,false,leaders
2006,CIN,2053,QB,31,1,false,leaders
2006,CLE,8481,QB,2454,0,false,leaders
2006,CLE,8627,QB,793,1,false,leaders
2006,CLE,4699,QB,0,2,false,leaders
2006,CLE,9270,QB,0,3,false,leaders
2006,DAL,5209,QB,2903,0,false,leaders
2006,DAL,393,QB,1164,1,false,leaders
2006,DEN,1177,QB,1994,0,false,leaders
2006,DEN,9597,QB,1001,1,false,leaders
2006,DET,1383,QB,4208,0,false,leaders
2006,GB,112,QB,3885,0,false,leaders
2006,GB,8439,QB,46,1,false,leaders
2006,GB,10238,QB,16,2,false,leaders
2006,GB,9410,QB,0,3,false,leaders
2006,HOU,3529,QB,2767,0,false,leaders
2006,HOU,2658,QB,265,1,false,leaders
2006,IND,1428,QB,4397,0,false,leaders
2006,JAX,3636,QB,1735,0,false,leaders
2006,JAX,4465,QB,1159,1,false,leaders
2006,JAX,4268,QB,166,2,false,leaders
2006,KC,1398,QB,1878,0,false,leaders
2006,KC,478,QB,1342,1,false,leaders
2006,KC,9671,QB,23,2,false,leaders
2006,KC,4485,QB,0,3,false,leaders
2006,LAC,5529,QB,3388,0,false,leaders
2006,LAC,2553,QB,20,1,false,leaders
2006,LAC,2440,QB,4,2,false,leaders
2006,LAC,4607,QB,0,3,false,leaders
2006,LAR,2299,QB,4301,0,false,leaders
2006,LAR,622,QB,27,1,false,leaders
2006,LAR,658,QB,0,2,false,leaders
2006,LV,8483,QB,1677,0,false,leaders
2006,LV,1884,QB,1105,1,false,leaders
2006,LV,2607,QB,68,2,false,leaders
2006,LV,3734,QB,0,3,false,leaders
2006,MIA,3531,QB,2236,0,false,leaders
2006,MIA,1762,QB,929,1,false,leaders
2006,MIA,5051,QB,412,2,false,leaders
2006,MIA,8417,QB,0,3,false,leaders
2006,MIN,331,QB,2750,0,false,leaders
2006,MIN,9650,QB,475,1,false,leaders
2006,MIN,4658,QB,146,2,false,leaders
2006,MIN,1328,QB,16,3,false,leaders
2006,MIN,5644,QB,15,4,false,leaders
2006,NE,2330,QB,3529,0,false,leaders
2006,NE,8644,QB,32,1,false,leaders
2006,NE,9,QB,29,2,false,leaders
2006,NO,2580,QB,4418,0,false,leaders
2006,NO,531,QB,208,1,false,leaders
2006,NO,1042,QB,0,2,false,leaders
2006,NO,9588,QB,0,3,false,leaders
2006,NYG,5526,QB,3244,0,false,leaders
2006,NYG,26,QB,0,1,false,leaders
2006,NYJ,2149,QB,3352,0,false,leaders
2006,NYJ,3560,QB,0,1,false,leaders
2006,NYJ,9291,QB,0,2,false,leaders
2006,NYJ,9635,QB,0,3,false,leaders
2006,PHI,1753,QB,2647,0,false,leaders
2006,PHI,2026,QB,1309,1,false,leaders
2006,PHI,2704,QB,342,2,false,leaders
2006,PHI,1716,QB,11,3,false,leaders
2006,PHI,9859,QB,0,4,false,leaders
2006,PIT,5536,QB,3513,0,false,leaders
2006,PIT,1490,QB,492,1,false,leaders
2006,PIT,2718,QB,21,2,false,leaders
2006,SEA,1575,QB,2442,0,false,leaders
2006,SEA,4568,QB,927,1,false,leaders
2006,SF,8416,QB,2890,0,false,leaders
2006,SF,4655,QB,0,1,false,leaders
2006,SF,9686,QB,0,2,false,leaders
2006,TB,9780,QB,1661,0,false,leaders
2006,TB,2343,QB,748,1,false,leaders
2006,TB,4555,QB,585,2,false,leaders
2006,TEN,9589,QB,2199,0,false,leaders
2006,TEN,734,QB,549,1,false,leaders
2006,WSH,445,QB,1789,0,false,leaders
2006,WSH,8440,QB,1297,1,false,leaders
2006,WSH,3590,QB,88,2,false,leaders
2007,ARI,1682,QB,3417,0,false,leaders
2007,ARI,9596,QB,647,1,false,leaders
2007,ARI,2343,QB,164,2,false,leaders
2007,ATL,3531,QB,2215,0,false,leaders
2007,ATL,2206,QB,1079,1,false,leaders
2007,ATL,4465,QB,279,2,false,leaders
2007,BAL,4477,QB,1743,0,false,leaders
2007,BAL,733,QB,1113,1,false,leaders
2007,BAL,10617,QB,452,2,false,leaders
2007,BAL,8437,QB,0,3,false,leaders
2007,BUF,10536,QB,1630,0,false,leaders
2007,BUF,5547,QB,1204,1,false,leaders
2007,BUF,10456,QB,8,2,false,leaders
2007,CAR,9,QB,952,0,false,leaders
2007,CAR,11128,QB,730,1,false,leaders
2007,CAR,3529,QB,635,2,false,leaders
2007,CAR,1693,QB,624,3,false,leaders
2007,CHI,1493,QB,1803,0,false,leaders
2007,CHI,4480,QB,1411,1,false,leaders
2007,CHI,8520,QB,478,2,false,leaders
2007,CHI,3776,QB,9,3,false,leaders
2007,CHI,9354,QB,0,4,false,leaders
2007,CIN,4459,QB,4131,0,false,leaders
2007,CLE,8627,QB,3787,0,false,leaders
2007,CLE,10466,QB,45,1,false,leaders
2007,CLE,8481,QB,34,2,false,leaders
2007,DAL,5209,QB,4211,0,false,leaders
2007,DAL,331,QB,79,1,false,leaders
2007,DEN,9597,QB,3497,0,false,leaders
2007,DEN,3560,QB,262,1,false,leaders
2007,DET,1383,QB,4068,0,false,leaders
2007,DET,3745,QB,148,1,false,leaders
2007,GB,112,QB,4155,0,false,leaders
2007,GB,8439,QB,218,1,false,leaders
2007,GB,3692,QB,88,2,false,leaders
2007,HOU,5615,QB,2241,0,false,leaders
2007,HOU,2658,QB,1684,1,false,leaders
2007,IND,1428,QB,4040,0,false,leaders
2007,IND,5718,QB,132,1,false,leaders
2007,JAX,3636,QB,2509,0,false,leaders
2007,JAX,4268,QB,986,1,false,leaders
2007,KC,1398,QB,2257,0,false,leaders
2007,KC,9671,QB,1227,1,false,leaders
2007,KC,10660,QB,41,2,false,leaders
2007,KC,4485,QB,0,3,false,leaders
2007,LAC,5529,QB,3152,0,false,leaders
2007,LAC,2553,QB,17,1,false,leaders
2007,LAC,2440,QB,6,2,false,leaders
2007,LAR,2299,QB,2392,0,false,leaders
2007,LAR,622,QB,1014,1,false,leaders
2007,LAR,10152,QB,153,2,false,leaders
2007,LAR,5549,QB,2,3,false,leaders
2007,LV,1762,QB,1331,0,false,leaders
2007,LV,3609,QB,1151,1,false,leaders
2007,LV,10446,QB,373,2,false,leaders
2007,LV,8483,QB,38,3,false,leaders
2007,LV,3734,QB,0,4,false,leaders
2007,MIA,5051,QB,1773,0,false,leaders
2007,MIA,478,QB,987,1,false,leaders
2007,MIA,10484,QB,559,2,false,leaders
2007,MIA,1831,QB,0,3,false,leaders
2007,MIN,9650,QB,1911,0,false,leaders
2007,MIN,1162,QB,515,1,false,leaders
2007,MIN,4658,QB,391,2,false,leaders
2007,MIN,10488,QB,94,3,false,leaders
2007,MIN,9296,QB,27,4,false,leaders
2007,MIN,3784,QB,0,5,false,leaders
2007,MIN,5644,QB,0,6,false,leaders
2007,NE,2330,QB,4806,0,false,leaders
2007,NE,8644,QB,38,1,false,leaders
2007,NE,10764,QB,15,2,false,leaders
2007,NO,2580,QB,4423,0,false,leaders
2007,NYG,5526,QB,3336,0,false,leaders
2007,NYG,6094,QB,28,1,false,leaders
2007,NYG,2053,QB,12,2,false,leaders
2007,NYJ,2149,QB,1765,0,false,leaders
2007,NYJ,9635,QB,1529,1,false,leaders
2007,NYJ,9703,QB,36,2,false,leaders
2007,NYJ,9689,QB,0,3,false,leaders
2007,PHI,1753,QB,3324,0,false,leaders
2007,PHI,2704,QB,681,1,false,leaders
2007,PHI,5412,QB,0,2,false,leaders
2007,PIT,5536,QB,3154,0,false,leaders
2007,PIT,1490,QB,232,1,false,leaders
2007,PIT,10556,QB,32,2,false,leaders
2007,PIT,5880,QB,0,3,false,leaders
2007,SEA,1575,QB,3966,0,false,leaders
2007,SEA,4568,QB,215,1,false,leaders
2007,SF,649,QB,1166,0,false,leaders
2007,SF,8416,QB,914,1,false,leaders
2007,SF,4260,QB,501,2,false,leaders
2007,SF,2655,QB,104,3,false,leaders
2007,TB,2026,QB,2440,0,false,leaders
2007,TB,5631,QB,1009,1,false,leaders
2007,TB,9780,QB,130,2,false,leaders
2007,TEN,9589,QB,2546,0,false,leaders
2007,TEN,734,QB,531,1,false,leaders
2007,WSH,8440,QB,2700,0,false,leaders
2007,WSH,735,QB,888,1,false,leaders
2007,WSH,3590,QB,19,2,false,leaders
2007,WSH,3579,QB,15,3,false,leaders
2008,ARI,1682,QB,4583,0,false,leaders
2008,ARI,9596,QB,264,1,false,leaders
2008,ARI,5286,QB,18,2,false,leaders
2008,ARI,4341,QB,10,3,false,leaders
2008,ARI,8458,QB,0,4,false,leaders
2008,ATL,11237,QB,3440,0,false,leaders
2008,BAL,11252,QB,2971,0,false,leaders
2008,BAL,10617,QB,82,1,false,leaders
2008,BAL,8437,QB,32,2,false,leaders
2008,BUF,10536,QB,2699,0,false,leaders
2008,BUF,5547,QB,584,1,false,leaders
2008,BUF,2797,QB,19,2,false,leaders
2008,CAR,1693,QB,3288,0,false,leaders
2008,CHI,8520,QB,2972,0,false,leaders
2008,CHI,4480,QB,257,1,false,leaders
2008,CHI,1252,QB,0,2,false,leaders
2008,CIN,8664,QB,1905,0,false,leaders
2008,CIN,4459,QB,731,1,false,leaders
2008,CIN,10648,QB,41,2,false,leaders
2008,CLE,8627,QB,1615,0,false,leaders
2008,CLE,10466,QB,518,1,false,leaders
2008,CLE,4699,QB,370,2,false,leaders
2008,CLE,9780,QB,26,3,false,leaders
2008,CLE,9270,QB,8,4,false,leaders
2008,DAL,5209,QB,3448,0,false,leaders
2008,DAL,331,QB,427,1,false,leaders
2008,DAL,4658,QB,71,2,false,leaders
2008,DAL,4527,QB,42,3,false,leaders
2008,DAL,5741,QB,0,4,false,leaders
2008,DEN,9597,QB,4526,0,false,leaders
2008,DEN,3560,QB,19,1,false,leaders
2008,DEN,11276,QB,0,2,false,leaders
2008,DET,8559,QB,1616,0,false,leaders
2008,DET,1762,QB,786,1,false,leaders
2008,DET,1383,QB,758,2,false,leaders
2008,DET,10487,QB,119,3,false,leaders
2008,DET,4650,QB,20,4,false,leaders
2008,GB,8439,QB,4038,0,false,leaders
2008,GB,11443,QB,6,1,false,leaders
2008,HOU,5615,QB,3043,0,false,leaders
2008,HOU,2658,QB,1431,1,false,leaders
2008,HOU,838,QB,0,2,false,leaders
2008,IND,1428,QB,4002,0,false,leaders
2008,IND,5718,QB,178,1,false,leaders
2008,JAX,3636,QB,3620,0,false,leaders
2008,JAX,5051,QB,0,1,false,leaders
2008,KC,10660,QB,2608,0,false,leaders
2008,KC,1398,QB,477,1,false,leaders
2008,KC,9671,QB,151,2,false,leaders
2008,KC,4268,QB,76,3,false,leaders
2008,KC,8453,QB,37,4,false,leaders
2008,KC,9730,QB,5,5,false,leaders
2008,KC,4485,QB,4,6,false,leaders
2008,LAC,5529,QB,4009,0,false,leaders
2008,LAR,2299,QB,2720,0,false,leaders
2008,LAR,478,QB,525,1,false,leaders
2008,LAR,2417,QB,17,2,false,leaders
2008,LAR,10152,QB,6,3,false,leaders
2008,LAR,2284,QB,0,4,false,leaders
2008,LAR,5749,QB,0,5,false,leaders
2008,LV,10446,QB,2423,0,false,leaders
2008,LV,8483,QB,204,1,false,leaders
2008,LV,10544,QB,8,2,false,leaders
2008,LV,2607,QB,4,3,false,leaders
2008,MIA,2149,QB,3653,0,false,leaders
2008,MIA,11291,QB,67,1,false,leaders
2008,MIA,8417,QB,41,2,false,leaders
2008,MIN,622,QB,2157,0,false,leaders
2008,MIN,9650,QB,1056,1,false,leaders
2008,MIN,3784,QB,4,2,false,leaders
2008,MIN,10488,QB,0,3,false,leaders
2008,NE,8644,QB,3693,0,false,leaders
2008,NE,2330,QB,76,1,false,leaders
2008,NE,11328,QB,23,2,false,leaders
2008,NE,1798,QB,-2,3,false,leaders
2008,NO,2580,QB,5069,0,false,leaders
2008,NO,9400,QB,0,1,false,leaders
2008,NYG,5526,QB,3238,0,false,leaders
2008,NYG,3529,QB,115,1,false,leaders
2008,NYJ,112,QB,3472,0,false,leaders
2008,NYJ,9635,QB,26,1,false,leaders
2008,NYJ,9689,QB,18,2,false,leaders
2008,PHI,1753,QB,3916,0,false,leaders
2008,PHI,10480,QB,144,1,false,leaders
2008,PHI,11283,QB,0,2,false,leaders
2008,PIT,5536,QB,3301,0,false,leaders
2008,PIT,4465,QB,303,1,false,leaders
2008,PIT,11390,QB,3,2,false,leaders
2008,SEA,4568,QB,1532,0,false,leaders
2008,SEA,1575,QB,1216,1,false,leaders
2008,SEA,8481,QB,83,2,false,leaders
2008,SF,4260,QB,2046,0,false,leaders
2008,SF,3745,QB,1678,1,false,leaders
2008,SF,658,QB,0,2,false,leaders
2008,TB,2026,QB,2712,0,false,leaders
2008,TB,1493,QB,1073,1,false,leaders
2008,TB,4950,QB,3,2,false,leaders
2008,TB,5631,QB,0,3,false,leaders
2008,TEN,734,QB,2676,0,false,leaders
2008,TEN,9589,QB,219,1,false,leaders
2008,TEN,4555,QB,7,2,false,leaders
2008,WSH,8440,QB,3245,0,false,leaders
2008,WSH,3590,QB,46,1,false,leaders
2009,ARI,1682,QB,3753,0,false,leaders
2009,ARI,9596,QB,435,1,false,leaders
2009,ARI,4621,QB,12,2,false,leaders
2009,ATL,11237,QB,2916,0,false,leaders
2009,ATL,2206,QB,781,1,false,leaders
2009,BAL,11252,QB,3613,0,false,leaders
2009,BAL,10617,QB,24,1,false,leaders
2009,BAL,8437,QB,0,2,false,leaders
2009,BAL,11289,QB,0,3,false,leaders
2009,BUF,8664,QB,1422,0,false,leaders
2009,BUF,10536,QB,1169,1,false,leaders
2009,BUF,11290,QB,146,2,false,leaders
2009,BUF,10195,QB,27,3,false,leaders
2009,BUF,2797,QB,25,4,false,leaders
2009,CAR,1693,QB,2015,0,false,leaders
2009,CAR,11128,QB,1053,1,false,leaders
2009,CAR,3609,QB,2,2,false,leaders
2009,CHI,9597,QB,3666,0,false,leaders
2009,CHI,11540,QB,11,1,false,leaders
2009,CHI,1252,QB,0,2,false,leaders
2009,CIN,4459,QB,3094,0,false,leaders
2009,CIN,3745,QB,40,1,false,leaders
2009,CLE,10466,QB,1339,0,false,leaders
2009,CLE,8627,QB,888,1,false,leaders
2009,CLE,9270,QB,18,2,false,leaders
2009,CLE,1440,QB,10,3,false,leaders
2009,DAL,5209,QB,4483,0,false,leaders
2009,DEN,8520,QB,3802,0,false,leaders
2009,DEN,4555,QB,23,1,false,leaders
2009,DET,12483,QB,2267,0,false,leaders
2009,DET,1762,QB,945,1,false,leaders
2009,DET,10487,QB,259,2,false,leaders
2009,GB,8439,QB,4434,0,false,leaders
2009,GB,11443,QB,58,1,false,leaders
2009,HOU,5615,QB,4770,0,false,leaders
2009,HOU,4480,QB,33,1,false,leaders
2009,HOU,4551,QB,0,2,false,leaders
2009,IND,1428,QB,4500,0,false,leaders
2009,IND,12479,QB,83,1,false,leaders
2009,IND,9616,QB,22,2,false,leaders
2009,IND,2578,QB,0,3,false,leaders
2009,JAX,3636,QB,3597,0,false,leaders
2009,JAX,5631,QB,2,1,false,leaders
2009,KC,8644,QB,2924,0,false,leaders
2009,KC,9671,QB,230,1,false,leaders
2009,KC,8453,QB,26,2,false,leaders
2009,KC,10764,QB,3,3,false,leaders
2009,KC,10848,QB,0,4,false,leaders
2009,LAC,5529,QB,4254,0,false,leaders
2009,LAC,2440,QB,231,1,false,leaders
2009,LAC,10615,QB,21,2,false,leaders
2009,LAC,2553,QB,0,3,false,leaders
2009,LAR,2299,QB,1469,0,false,leaders
2009,LAR,4477,QB,899,1,false,leaders
2009,LAR,12709,QB,566,2,false,leaders
2009,LAR,4680,QB,36,3,false,leaders
2009,LV,10446,QB,1287,0,false,leaders
2009,LV,9780,QB,1007,1,false,leaders
2009,LV,8481,QB,581,2,false,leaders
2009,LV,5547,QB,0,3,false,leaders
2009,LV,10544,QB,0,4,false,leaders
2009,MIA,11291,QB,2878,0,false,leaders
2009,MIA,2149,QB,413,1,false,leaders
2009,MIA,10660,QB,83,2,false,leaders
2009,MIA,8417,QB,22,3,false,leaders
2009,MIA,1756,QB,0,4,false,leaders
2009,MIA,12485,QB,0,5,false,leaders
2009,MIN,112,QB,4202,0,false,leaders
2009,MIN,9650,QB,201,1,false,leaders
2009,MIN,10488,QB,0,2,false,leaders
2009,NE,2330,QB,4398,0,false,leaders
2009,NE,12477,QB,142,1,false,leaders
2009,NO,2580,QB,4388,0,false,leaders
2009,NO,445,QB,102,1,false,leaders
2009,NYG,5526,QB,4021,0,false,leaders
2009,NYG,3529,QB,225,1,false,leaders
2009,NYJ,12482,QB,2444,0,false,leaders
2009,NYJ,9635,QB,125,1,false,leaders
2009,NYJ,9689,QB,27,2,false,leaders
2009,NYJ,8418,QB,0,3,false,leaders
2009,NYJ,10127,QB,0,4,false,leaders
2009,PHI,1753,QB,3553,0,false,leaders
2009,PHI,10480,QB,741,1,false,leaders
2009,PHI,2549,QB,86,2,false,leaders
2009,PHI,3619,QB,0,3,false,leaders
2009,PIT,5536,QB,4328,0,false,leaders
2009,PIT,11390,QB,145,1,false,leaders
2009,PIT,1490,QB,17,2,false,leaders
2009,PIT,5644,QB,6,3,false,leaders
2009,PIT,9611,QB,0,4,false,leaders
2009,SEA,1575,QB,3029,0,false,leaders
2009,SEA,4568,QB,700,1,false,leaders
2009,SEA,10238,QB,42,2,false,leaders
2009,SF,8416,QB,2350,0,false,leaders
2009,SF,4260,QB,943,1,false,leaders
2009,SF,10327,QB,0,2,false,leaders
2009,TB,12473,QB,1855,0,false,leaders
2009,TB,11394,QB,685,1,false,leaders
2009,TB,4465,QB,594,2,false,leaders
2009,TB,4341,QB,0,3,false,leaders
2009,TB,5540,QB,0,4,false,leaders
2009,TEN,9589,QB,1879,0,false,leaders
2009,TEN,734,QB,1225,1,false,leaders
2009,TEN,11258,QB,0,2,false,leaders
2009,WSH,8440,QB,3618,0,false,leaders
2009,WSH,735,QB,144,1,false,leaders
2009,WSH,1963,QB,35,2,false,leaders
2009,WSH,3579,QB,0,3,false,leaders
2010,ARI,8627,QB,2065,0,false,leaders
2010,ARI,13458,QB,662,1,false,leaders
2010,ARI,13576,QB,370,2,false,leaders
2010,ARI,10971,QB,150,3,false,leaders
2010,ARI,10585,QB,17,4,false,leaders
2010,ATL,11237,QB,3705,0,false,leaders
2010,ATL,2206,QB,20,1,false,leaders
2010,BAL,11252,QB,3622,0,false,leaders
2010,BAL,9789,QB,13,1,false,leaders
2010,BAL,4512,QB,-6,2,false,leaders
2010,BUF,8664,QB,3000,0,false,leaders
2010,BUF,10536,QB,241,1,false,leaders
2010,BUF,11290,QB,106,2,false,leaders
2010,BUF,13319,QB,24,3,false,leaders
2010,CAR,13198,QB,1558,0,false,leaders
2010,CAR,11128,QB,857,1,false,leaders
2010,CAR,4621,QB,173,2,false,leaders
2010,CAR,13201,QB,47,3,false,leaders
2010,CAR,12576,QB,0,4,false,leaders
2010,CAR,13275,QB,0,5,false,leaders
2010,CHI,9597,QB,3274,0,false,leaders
2010,CHI,735,QB,68,1,false,leaders
2010,CHI,11540,QB,55,2,false,leaders
2010,CIN,4459,QB,3970,0,false,leaders
2010,CIN,10648,QB,18,1,false,leaders
2010,CIN,2584,QB,0,2,false,leaders
2010,CLE,13199,QB,1576,0,false,leaders
2010,CLE,1693,QB,872,1,false,leaders
2010,CLE,4568,QB,694,2,false,leaders
2010,CLE,12581,QB,29,3,false,leaders
2010,CLE,9270,QB,19,4,false,leaders
2010,CLE,11461,QB,13,5,false,leaders
2010,DAL,1383,QB,2365,0,false,leaders
2010,DAL,5209,QB,1605,1,false,leaders
2010,DAL,12478,QB,238,2,false,leaders
2010,DAL,8523,QB,0,3,false,leaders
2010,DEN,8520,QB,3653,0,false,leaders
2010,DEN,13200,QB,654,1,false,leaders
2010,DET,4260,QB,2686,0,false,leaders
2010,DET,10487,QB,780,1,false,leaders
2010,DET,12483,QB,535,2,false,leaders
2010,DET,12021,QB,0,3,false,leaders
2010,DET,13205,QB,0,4,false,leaders
2010,GB,8439,QB,3922,0,false,leaders
2010,GB,11443,QB,433,1,false,leaders
2010,HOU,5615,QB,4370,0,false,leaders
2010,IND,1428,QB,4700,0,false,leaders
2010,JAX,3636,QB,2734,0,false,leaders
2010,JAX,10536,QB,280,1,false,leaders
2010,JAX,1417,QB,222,2,false,leaders
2010,JAX,5631,QB,120,3,false,leaders
2010,JAX,9646,QB,0,4,false,leaders
2010,KC,8644,QB,3116,0,false,leaders
2010,KC,9671,QB,38,1,false,leaders
2010,KC,10719,QB,35,2,false,leaders
2010,LAC,5529,QB,4710,0,false,leaders
2010,LAC,4607,QB,28,1,false,leaders
2010,LAC,2440,QB,8,2,false,leaders
2010,LAC,5741,QB,0,3,false,leaders
2010,LAR,13197,QB,3512,0,false,leaders
2010,LV,8440,QB,2387,0,false,leaders
2010,LV,9780,QB,1059,1,false,leaders
2010,LV,4477,QB,25,2,false,leaders
2010,LV,11238,QB,0,3,false,leaders
2010,MIA,11291,QB,3301,0,false,leaders
2010,MIA,10660,QB,435,1,false,leaders
2010,MIA,2149,QB,19,2,false,leaders
2010,MIA,8417,QB,0,3,false,leaders
2010,MIA,9705,QB,0,4,false,leaders
2010,MIN,112,QB,2509,0,false,leaders
2010,MIN,13484,QB,477,1,false,leaders
2010,MIN,9650,QB,341,2,false,leaders
2010,NE,2330,QB,3900,0,false,leaders
2010,NE,12477,QB,122,1,false,leaders
2010,NO,2580,QB,4620,0,false,leaders
2010,NO,12471,QB,16,1,false,leaders
2010,NYG,5526,QB,4002,0,false,leaders
2010,NYJ,12482,QB,3291,0,false,leaders
2010,NYJ,445,QB,117,1,false,leaders
2010,NYJ,9635,QB,6,2,false,leaders
2010,NYJ,9689,QB,6,3,false,leaders
2010,PHI,2549,QB,3018,0,false,leaders
2010,PHI,10480,QB,1197,1,false,leaders
2010,PIT,5536,QB,3200,0,false,leaders
2010,PIT,1490,QB,352,1,false,leaders
2010,PIT,11390,QB,254,2,false,leaders
2010,PIT,3590,QB,42,3,false,leaders
2010,PIT,4465,QB,42,4,false,leaders
2010,SEA,1575,QB,3001,0,false,leaders
2010,SEA,9667,QB,507,1,false,leaders
2010,SEA,9686,QB,28,2,false,leaders
2010,SF,8416,QB,2370,0,false,leaders
2010,SF,10617,QB,1176,1,false,leaders
2010,SF,3529,QB,67,2,false,leaders
2010,TB,12473,QB,3451,0,false,leaders
2010,TB,11394,QB,111,1,false,leaders
2010,TB,4950,QB,2,2,false,leaders
2010,TB,10327,QB,0,3,false,leaders
2010,TEN,734,QB,1823,0,false,leaders
2010,TEN,9589,QB,1255,1,false,leaders
2010,TEN,13459,QB,200,2,false,leaders
2010,WSH,1753,QB,3377,0,false,leaders
2010,WSH,4480,QB,884,1,false,leaders
2011,ARI,10480,QB,1955,0,false,leaders
2011,ARI,13458,QB,1913,1,false,leaders
2011,ARI,10971,QB,86,2,false,leaders
2011,ATL,11237,QB,4177,0,false,leaders
2011,ATL,2206,QB,188,1,false,leaders
2011,BAL,11252,QB,3610,0,false,leaders
2011,BAL,14163,QB,18,1,false,leaders
2011,BAL,11289,QB,1,2,false,leaders
2011,BUF,8664,QB,3832,0,false,leaders
2011,BUF,10660,QB,25,1,false,leaders
2011,BUF,9689,QB,0,2,false,leaders
2011,CAR,13994,QB,4051,0,false,leaders
2011,CAR,10615,QB,27,1,false,leaders
2011,CAR,13275,QB,11,2,false,leaders
2011,CHI,9597,QB,2319,0,false,leaders
2011,CHI,11540,QB,613,1,false,leaders
2011,CHI,3609,QB,414,2,false,leaders
2011,CHI,10545,QB,0,3,false,leaders
2011,CHI,11278,QB,0,4,false,leaders
2011,CIN,14012,QB,3398,0,false,leaders
2011,CIN,9780,QB,109,1,false,leaders
2011,CIN,12724,QB,0,2,false,leaders
2011,CLE,13199,QB,2733,0,false,leaders
2011,CLE,4568,QB,567,1,false,leaders
2011,DAL,5209,QB,4184,0,false,leaders
2011,DAL,12478,QB,182,1,false,leaders
2011,DAL,1383,QB,87,2,false,leaders
2011,DEN,13200,QB,1729,0,false,leaders
2011,DEN,8520,QB,979,1,false,leaders
2011,DEN,12773,QB,0,2,false,leaders
2011,DEN,13216,QB,0,3,false,leaders
2011,DEN,13271,QB,0,4,false,leaders
2011,DET,12483,QB,5038,0,false,leaders
2011,DET,4260,QB,33,1,false,leaders
2011,GB,8439,QB,4643,0,false,leaders
2011,GB,11443,QB,518,1,false,leaders
2011,GB,14053,QB,0,2,false,leaders
2011,HOU,5615,QB,2479,0,false,leaders
2011,HOU,14114,QB,949,1,false,leaders
2011,HOU,1693,QB,211,2,false,leaders
2011,HOU,9596,QB,57,3,false,leaders
2011,IND,12479,QB,1541,0,false,leaders
2011,IND,8559,QB,1201,1,false,leaders
2011,IND,734,QB,481,2,false,leaders
2011,JAX,13987,QB,2214,0,false,leaders
2011,JAX,5631,QB,296,1,false,leaders
2011,KC,8644,QB,1713,0,false,leaders
2011,KC,10719,QB,796,1,false,leaders
2011,KC,8520,QB,779,2,false,leaders
2011,LAC,5529,QB,4624,0,false,leaders
2011,LAR,13197,QB,2164,0,false,leaders
2011,LAR,2704,QB,548,1,false,leaders
2011,LAR,9635,QB,546,2,false,leaders
2011,LAR,4582,QB,0,3,false,leaders
2011,LAR,9665,QB,0,4,false,leaders
2011,LAR,12466,QB,0,5,false,leaders
2011,LV,4459,QB,2753,0,false,leaders
2011,LV,8440,QB,1170,1,false,leaders
2011,LV,4477,QB,161,2,false,leaders
2011,LV,2273,QB,35,3,false,leaders
2011,MIA,11128,QB,2497,0,false,leaders
2011,MIA,11291,QB,868,1,false,leaders
2011,MIA,5547,QB,60,2,false,leaders
2011,MIN,13966,QB,1853,0,false,leaders
2011,MIN,1753,QB,1026,1,false,leaders
2011,MIN,13484,QB,376,2,false,leaders
2011,NE,2330,QB,5235,0,false,leaders
2011,NE,12477,QB,22,1,false,leaders
2011,NO,2580,QB,5476,0,false,leaders
2011,NO,12471,QB,29,1,false,leaders
2011,NYG,5526,QB,4933,0,false,leaders
2011,NYJ,12482,QB,3474,0,false,leaders
2011,NYJ,14151,QB,41,1,false,leaders
2011,NYJ,445,QB,27,2,false,leaders
2011,PHI,2549,QB,3303,0,false,leaders
2011,PHI,9589,QB,866,1,false,leaders
2011,PHI,13397,QB,107,2,false,leaders
2011,PHI,14260,QB,0,3,false,leaders
2011,PIT,5536,QB,4077,0,false,leaders
2011,PIT,1490,QB,208,1,false,leaders
2011,PIT,10556,QB,33,2,false,leaders
2011,PIT,13295,QB,15,3,false,leaders
2011,SEA,9650,QB,3091,0,false,leaders
2011,SEA,9667,QB,298,1,false,leaders
2011,SEA,10488,QB,55,2,false,leaders
2011,SEA,10456,QB,0,3,false,leaders
2011,SF,8416,QB,3144,0,false,leaders
2011,SF,14001,QB,35,1,false,leaders
2011,SF,1716,QB,14,2,false,leaders
2011,TB,12473,QB,3592,0,false,leaders
2011,TB,11394,QB,246,1,false,leaders
2011,TB,10327,QB,0,2,false,leaders
2011,TEN,1575,QB,3571,0,false,leaders
2011,TEN,13969,QB,542,1,false,leaders
2011,WSH,4480,QB,3151,0,false,leaders
2011,WSH,10484,QB,858,1,false,leaders
2011,WSH,4780,QB,49,2,false,leaders
2012,ARI,10480,QB,1169,0,false,leaders
2012,ARI,13458,QB,1132,1,false,leaders
2012,ARI,14883,QB,752,2,false,leaders
2012,ARI,12477,QB,330,3,false,leaders
2012,ATL,11237,QB,4719,0,false,leaders
2012,BAL,11252,QB,3817,0,false,leaders
2012,BAL,14163,QB,179,1,false,leaders
2012,BUF,8664,QB,3400,0,false,leaders
2012,BUF,10660,QB,30,1,false,leaders
2012,BUF,9689,QB,0,2,false,leaders
2012,CAR,13994,QB,3869,0,false,leaders
2012,CAR,8627,QB,58,1,false,leaders
2012,CAR,13275,QB,0,2,false,leaders
2012,CHI,9597,QB,3033,0,false,leaders
2012,CHI,8440,QB,265,1,false,leaders
2012,CIN,14012,QB,3669,0,false,leaders
2012,CIN,14922,QB,73,1,false,leaders
2012,CIN,9780,QB,65,2,false,leaders
2012,CLE,14878,QB,3385,0,false,leaders
2012,CLE,13606,QB,204,1,false,leaders
2012,CLE,13199,QB,79,2,false,leaders
2012,DAL,5209,QB,4903,0,false,leaders
2012,DAL,8520,QB,89,1,false,leaders
2012,DEN,1428,QB,4659,0,false,leaders
2012,DEN,14879,QB,12,1,false,leaders
2012,DEN,11122,QB,0,2,false,leaders
2012,DET,12483,QB,4967,0,false,leaders
2012,DET,4260,QB,172,1,false,leaders
2012,GB,8439,QB,4295,0,false,leaders
2012,GB,12998,QB,27,1,false,leaders
2012,GB,12475,QB,20,2,false,leaders
2012,HOU,5615,QB,4008,0,false,leaders
2012,HOU,14114,QB,38,1,false,leaders
2012,IND,14874,QB,4374,0,false,leaders
2012,IND,14924,QB,0,1,false,leaders
2012,JAX,11291,QB,2084,0,false,leaders
2012,JAX,13987,QB,1662,1,false,leaders
2012,KC,8644,QB,1796,0,false,leaders
2012,KC,10466,QB,1141,1,false,leaders
2012,KC,11461,QB,0,2,false,leaders
2012,LAC,5529,QB,3606,0,false,leaders
2012,LAC,13935,QB,0,1,false,leaders
2012,LAR,13197,QB,3702,0,false,leaders
2012,LAR,15153,QB,42,1,false,leaders
2012,LAR,9635,QB,39,2,false,leaders
2012,LV,4459,QB,4018,0,false,leaders
2012,LV,14851,QB,155,1,false,leaders
2012,LV,9596,QB,115,2,false,leaders
2012,LV,2273,QB,4,3,false,leaders
2012,MIA,14876,QB,3294,0,false,leaders
2012,MIA,11128,QB,131,1,false,leaders
2012,MIA,10668,QB,0,2,false,leaders
2012,MIN,13966,QB,2935,0,false,leaders
2012,NE,2330,QB,4827,0,false,leaders
2012,NE,14037,QB,17,1,false,leaders
2012,NO,2580,QB,5177,0,false,leaders
2012,NO,12471,QB,10,1,false,leaders
2012,NYG,5526,QB,3948,0,false,leaders
2012,NYG,3529,QB,19,1,false,leaders
2012,NYJ,12482,QB,2883,0,false,leaders
2012,NYJ,14101,QB,214,1,false,leaders
2012,NYJ,14151,QB,42,2,false,leaders
2012,NYJ,13200,QB,39,3,false,leaders
2012,PHI,2549,QB,2362,0,false,leaders
2012,PHI,14877,QB,1699,1,false,leaders
2012,PHI,10536,QB,14,2,false,leaders
2012,PIT,5536,QB,3265,0,false,leaders
2012,PIT,1490,QB,475,1,false,leaders
2012,PIT,4465,QB,272,2,false,leaders
2012,PIT,13934,QB,0,3,false,leaders
2012,SEA,14881,QB,3118,0,false,leaders
2012,SEA,11443,QB,68,1,false,leaders
2012,SEA,10488,QB,25,2,false,leaders
2012,SEA,13217,QB,23,3,false,leaders
2012,SF,14001,QB,1814,0,false,leaders
2012,SF,8416,QB,1737,1,false,leaders
2012,TB,12473,QB,4065,0,false,leaders
2012,TB,8559,QB,51,1,false,leaders
2012,TB,13489,QB,28,2,false,leaders
2012,TEN,13969,QB,2176,0,false,leaders
2012,TEN,1575,QB,1367,1,false,leaders
2012,TEN,13459,QB,34,2,false,leaders
2012,WSH,14875,QB,3200,0,false,leaders
2012,WSH,14880,QB,466,1,false,leaders
2012,WSH,11408,QB,0,2,false,leaders
2013,ARI,4459,QB,4274,0,false,leaders
2013,ARI,13980,QB,17,1,false,leaders
2013,ARI,5528,QB,0,2,false,leaders
2013,ATL,11237,QB,4515,0,false,leaders
2013,ATL,15162,QB,34,1,false,leaders
2013,ATL,13448,QB,-8,2,false,leaders
2013,BAL,11252,QB,3912,0,false,leaders
2013,BAL,14163,QB,2,1,false,leaders
2013,BUF,15803,QB,1972,0,false,leaders
2013,BUF,13606,QB,1092,1,false,leaders
2013,BUF,16237,QB,309,2,false,leaders
2013,CAR,13994,QB,3379,0,false,leaders
2013,CHI,9597,QB,2621,0,false,leaders
2013,CHI,3609,QB,1829,1,false,leaders
2013,CIN,14012,QB,4293,0,false,leaders
2013,CIN,14922,QB,25,1,false,leaders
2013,CLE,8440,QB,2015,0,false,leaders
2013,CLE,14878,QB,1731,1,false,leaders
2013,CLE,12477,QB,615,2,false,leaders
2013,CLE,14342,QB,11,3,false,leaders
2013,DAL,5209,QB,3828,0,false,leaders
2013,DAL,8520,QB,398,1,false,leaders
2013,DEN,1428,QB,5477,0,false,leaders
2013,DEN,14879,QB,95,1,false,leaders
2013,DET,12483,QB,4650,0,false,leaders
2013,GB,8439,QB,2536,0,false,leaders
2013,GB,11443,QB,1146,1,false,leaders
2013,GB,14353,QB,717,2,false,leaders
2013,GB,4568,QB,139,3,false,leaders
2013,HOU,5615,QB,2310,0,false,leaders
2013,HOU,15168,QB,1760,1,false,leaders
2013,HOU,14114,QB,113,2,false,leaders
2013,IND,14874,QB,3822,0,false,leaders
2013,IND,1575,QB,130,1,false,leaders
2013,JAX,11291,QB,3241,0,false,leaders
2013,JAX,13987,QB,481,1,false,leaders
2013,JAX,16022,QB,21,2,false,leaders
2013,JAX,9646,QB,8,3,false,leaders
2013,JAX,15951,QB,0,4,false,leaders
2013,KC,8416,QB,3313,0,false,leaders
2013,KC,12471,QB,248,1,false,leaders
2013,LAC,5529,QB,4478,0,false,leaders
2013,LAR,13197,QB,1687,0,false,leaders
2013,LAR,9635,QB,1673,1,false,leaders
2013,LAR,15153,QB,0,2,false,leaders
2013,LAR,15786,QB,0,3,false,leaders
2013,LV,14851,QB,1798,0,false,leaders
2013,LV,16593,QB,1547,1,false,leaders
2013,LV,11443,QB,246,2,false,leaders
2013,LV,11717,QB,22,3,false,leaders
2013,LV,11238,QB,16,4,false,leaders
2013,MIA,14876,QB,3913,0,false,leaders
2013,MIA,11128,QB,53,1,false,leaders
2013,MIN,8644,QB,1807,0,false,leaders
2013,MIN,13966,QB,1648,1,false,leaders
2013,MIN,12473,QB,190,2,false,leaders
2013,NE,2330,QB,4343,0,false,leaders
2013,NO,2580,QB,5162,0,false,leaders
2013,NO,5631,QB,0,1,false,leaders
2013,NYG,5526,QB,3818,0,false,leaders
2013,NYG,12479,QB,57,1,false,leaders
2013,NYJ,15864,QB,3046,0,false,leaders
2013,NYJ,15407,QB,156,1,false,leaders
2013,NYJ,9270,QB,38,2,false,leaders
2013,NYJ,14129,QB,30,3,false,leaders
2013,NYJ,14151,QB,0,4,false,leaders
2013,NYJ,15113,QB,0,5,false,leaders
2013,PHI,14877,QB,2891,0,false,leaders
2013,PHI,2549,QB,1215,1,false,leaders
2013,PHI,15948,QB,300,2,false,leaders
2013,PHI,9689,QB,0,3,false,leaders
2013,PIT,5536,QB,4261,0,false,leaders
2013,PIT,5096,QB,30,1,false,leaders
2013,PIT,13934,QB,15,2,false,leaders
2013,SEA,14881,QB,3357,0,false,leaders
2013,SEA,9650,QB,151,1,false,leaders
2013,SF,14001,QB,3197,0,false,leaders
2013,SF,13199,QB,13,1,false,leaders
2013,TB,15837,QB,2608,0,false,leaders
2013,TB,12473,QB,571,1,false,leaders
2013,TB,15968,QB,2,2,false,leaders
2013,TB,9263,QB,0,3,false,leaders
2013,TB,15501,QB,0,4,false,leaders
2013,TEN,8664,QB,2454,0,false,leaders
2013,TEN,13969,QB,1256,1,false,leaders
2013,WSH,14875,QB,3203,0,false,leaders
2013,WSH,14880,QB,854,1,false,leaders
2014,ARI,10487,QB,1711,0,false,leaders
2014,ARI,4459,QB,1626,1,false,leaders
2014,ARI,14883,QB,562,2,false,leaders
2014,ARI,16813,QB,81,3,false,leaders
2014,ARI,10453,QB,10,4,false,leaders
2014,ARI,16956,QB,0,5,false,leaders
2014,ATL,11237,QB,4694,0,false,leaders
2014,ATL,14114,QB,64,1,false,leaders
2014,BAL,11252,QB,3986,0,false,leaders
2014,BUF,8520,QB,3018,0,false,leaders
2014,BUF,15803,QB,838,1,false,leaders
2014,BUF,10195,QB,0,2,false,leaders
2014,CAR,13994,QB,3127,0,false,leaders
2014,CAR,8627,QB,701,1,false,leaders
2014,CHI,9597,QB,3812,0,false,leaders
2014,CHI,13198,QB,223,1,false,leaders
2014,CIN,14012,QB,3398,0,false,leaders
2014,CIN,14922,QB,79,1,false,leaders
2014,CIN,8440,QB,74,2,false,leaders
2014,CLE,12477,QB,3326,0,false,leaders
2014,CLE,17247,QB,177,1,false,leaders
2014,CLE,16736,QB,175,2,false,leaders
2014,CLE,15705,QB,0,3,false,leaders
2014,DAL,5209,QB,3705,0,false,leaders
2014,DAL,14878,QB,303,1,false,leaders
2014,DEN,1428,QB,4727,0,false,leaders
2014,DEN,14879,QB,52,1,false,leaders
2014,DET,12483,QB,4257,0,false,leaders
2014,DET,15928,QB,27,1,false,leaders
2014,GB,8439,QB,4381,0,false,leaders
2014,GB,11443,QB,66,1,false,leaders
2014,HOU,8664,QB,2483,0,false,leaders
2014,HOU,15168,QB,435,1,false,leaders
2014,HOU,14037,QB,400,2,false,leaders
2014,HOU,16943,QB,127,3,false,leaders
2014,HOU,2273,QB,10,4,false,leaders
2014,HOU,12497,QB,5,5,false,leaders
2014,IND,14874,QB,4761,0,false,leaders
2014,IND,1575,QB,301,1,false,leaders
2014,IND,12689,QB,0,2,false,leaders
2014,JAX,16724,QB,2908,0,false,leaders
2014,JAX,11291,QB,492,1,false,leaders
2014,JAX,14184,QB,32,2,false,leaders
2014,JAX,14950,QB,19,3,false,leaders
2014,JAX,15951,QB,0,4,false,leaders
2014,KC,8416,QB,3265,0,false,leaders
2014,KC,12471,QB,157,1,false,leaders
2014,KC,8513,QB,6,2,false,leaders
2014,LAC,5529,QB,4286,0,false,leaders
2014,LAC,9635,QB,10,1,false,leaders
2014,LAC,10481,QB,0,2,false,leaders
2014,LAR,15187,QB,2001,0,false,leaders
2014,LAR,4260,QB,1657,1,false,leaders
2014,LAR,15153,QB,37,2,false,leaders
2014,LV,16757,QB,3270,0,false,leaders
2014,LV,16593,QB,129,1,false,leaders
2014,LV,5615,QB,57,2,false,leaders
2014,LV,11238,QB,0,3,false,leaders
2014,MIA,14876,QB,4045,0,false,leaders
2014,MIA,11128,QB,21,1,false,leaders
2014,MIA,12601,QB,0,2,false,leaders
2014,MIN,16728,QB,2919,0,false,leaders
2014,MIN,8644,QB,425,1,false,leaders
2014,MIN,13966,QB,222,2,false,leaders
2014,NE,2330,QB,4109,0,false,leaders
2014,NE,16760,QB,182,1,false,leaders
2014,NO,2580,QB,4952,0,false,leaders
2014,NYG,5526,QB,4410,0,false,leaders
2014,NYG,15891,QB,60,1,false,leaders
2014,NYG,16733,QB,0,2,false,leaders
2014,NYJ,15864,QB,2525,0,false,leaders
2014,NYJ,2549,QB,604,1,false,leaders
2014,NYJ,15407,QB,39,2,false,leaders
2014,NYJ,15616,QB,38,3,false,leaders
2014,NYJ,14151,QB,0,4,false,leaders
2014,PHI,12482,QB,2418,0,false,leaders
2014,PHI,14877,QB,2163,1,false,leaders
2014,PHI,15948,QB,0,2,false,leaders
2014,PIT,5536,QB,4952,0,false,leaders
2014,PIT,15213,QB,25,1,false,leaders
2014,PIT,13934,QB,20,2,false,leaders
2014,PIT,16241,QB,0,3,false,leaders
2014,SEA,14881,QB,3475,0,false,leaders
2014,SEA,15428,QB,17,1,false,leaders
2014,SEA,9650,QB,0,2,false,leaders
2014,SF,14001,QB,3369,0,false,leaders
2014,SF,13987,QB,38,1,false,leaders
2014,SF,4512,QB,0,2,false,leaders
2014,SF,5713,QB,0,3,false,leaders
2014,TB,3609,QB,2206,0,false,leaders
2014,TB,15837,QB,1417,1,false,leaders
2014,TB,15501,QB,0,2,false,leaders
2014,TEN,16814,QB,1412,0,false,leaders
2014,TEN,9667,QB,1326,1,false,leaders
2014,TEN,13969,QB,993,2,false,leaders
2014,TEN,10648,QB,7,3,false,leaders
2014,WSH,14880,QB,1710,0,false,leaders
2014,WSH,14875,QB,1694,1,false,leaders
2014,WSH,13199,QB,1057,2,false,leaders
2014,WSH,11439,QB,0,3,false,leaders
2015,ARI,4459,QB,4671,0,false,leaders
2015,ARI,10487,QB,104,1,false,leaders
2015,ATL,11237,QB,4591,0,false,leaders
2015,ATL,15894,QB,11,1,false,leaders
2015,BAL,11252,QB,2791,0,false,leaders
2015,BAL,14037,QB,566,1,false,leaders
2015,BAL,13198,QB,555,2,false,leaders
2015,BAL,5615,QB,540,3,false,leaders
2015,BAL,9789,QB,-3,4,false,leaders
2015,BUF,14163,QB,3035,0,false,leaders
2015,BUF,15803,QB,561,1,false,leaders
2015,BUF,14402,QB,4,2,false,leaders
2015,CAR,13994,QB,3837,0,false,leaders
2015,CAR,8627,QB,36,1,false,leaders
2015,CHI,9597,QB,3659,0,false,leaders
2015,CHI,13198,QB,184,1,false,leaders
2015,CIN,14012,QB,3250,0,false,leaders
2015,CIN,16810,QB,854,1,false,leaders
2015,CLE,3609,QB,2109,0,false,leaders
2015,CLE,16736,QB,1500,1,false,leaders
2015,CLE,15187,QB,547,2,false,leaders
2015,DAL,8644,QB,1276,0,false,leaders
2015,DAL,5209,QB,884,1,false,leaders
2015,DAL,14882,QB,779,2,false,leaders
2015,DAL,14878,QB,738,3,false,leaders
2015,DAL,11238,QB,0,4,false,leaders
2015,DEN,1428,QB,2249,0,false,leaders
2015,DEN,14879,QB,1967,1,false,leaders
2015,DET,12483,QB,4262,0,false,leaders
2015,DET,8559,QB,201,1,false,leaders
2015,GB,8439,QB,3821,0,false,leaders
2015,GB,14353,QB,4,1,false,leaders
2015,HOU,12477,QB,2606,0,false,leaders
2015,HOU,14037,QB,770,1,false,leaders
2015,HOU,14114,QB,370,2,false,leaders
2015,HOU,14878,QB,305,3,false,leaders
2015,HOU,14184,QB,21,4,false,leaders
2015,HOU,15899,QB,7,5,false,leaders
2015,HOU,15632,QB,0,6,false,leaders
2015,IND,14874,QB,1881,0,false,leaders
2015,IND,1575,QB,1690,1,false,leaders
2015,IND,9667,QB,150,2,false,leaders
2015,IND,12473,QB,149,3,false,leaders
2015,IND,14883,QB,58,4,false,leaders
2015,JAX,16724,QB,4428,0,false,leaders
2015,JAX,13662,QB,0,1,false,leaders
2015,KC,8416,QB,3486,0,false,leaders
2015,KC,12471,QB,4,1,false,leaders
2015,KC,17427,QB,3,2,false,leaders
2015,LAC,5529,QB,4792,0,false,leaders
2015,LAC,9635,QB,63,1,false,leaders
2015,LAR,14877,QB,2052,0,false,leaders
2015,LAR,15168,QB,828,1,false,leaders
2015,LAR,2517017,QB,31,2,false,leaders
2015,LAR,15153,QB,20,3,false,leaders
2015,LV,16757,QB,3987,0,false,leaders
2015,LV,16593,QB,142,1,false,leaders
2015,MIA,14876,QB,4208,0,false,leaders
2015,MIA,11128,QB,14,1,false,leaders
2015,MIA,16790,QB,9,2,false,leaders
2015,MIN,16728,QB,3231,0,false,leaders
2015,MIN,4260,QB,15,1,false,leaders
2015,NE,2330,QB,4770,0,false,leaders
2015,NE,11674,QB,36,1,false,leaders
2015,NE,16760,QB,6,2,false,leaders
2015,NO,2580,QB,4870,0,false,leaders
2015,NO,5631,QB,335,1,false,leaders
2015,NO,15457,QB,0,2,false,leaders
2015,NYG,5526,QB,4432,0,false,leaders
2015,NYG,15891,QB,68,1,false,leaders
2015,NYJ,8664,QB,3905,0,false,leaders
2015,NYJ,15864,QB,265,1,false,leaders
2015,PHI,13197,QB,3725,0,false,leaders
2015,PHI,12482,QB,616,1,false,leaders
2015,PIT,5536,QB,3938,0,false,leaders
2015,PIT,15904,QB,513,1,false,leaders
2015,PIT,2549,QB,371,2,false,leaders
2015,SEA,14881,QB,4024,0,false,leaders
2015,SEA,9650,QB,37,1,false,leaders
2015,SF,13987,QB,2031,0,false,leaders
2015,SF,14001,QB,1615,1,false,leaders
2015,TB,2969939,QB,4042,0,false,leaders
2015,TEN,2576980,QB,2818,0,false,leaders
2015,TEN,16814,QB,935,1,false,leaders
2015,TEN,15693,QB,99,2,false,leaders
2015,TEN,17105,QB,41,3,false,leaders
2015,WSH,14880,QB,4166,0,false,leaders
2015,WSH,13199,QB,128,1,false,leaders
2015,WSH,2576716,QB,0,2,false,leaders
2016,ARI,4459,QB,4233,0,false,leaders
2016,ARI,10487,QB,192,1,false,leaders
2016,ARI,5528,QB,0,2,false,leaders
2016,ATL,11237,QB,4944,0,false,leaders
2016,ATL,5615,QB,16,1,false,leaders
2016,BAL,11252,QB,4317,0,false,leaders
2016,BAL,14037,QB,26,1,false,leaders
2016,BAL,15683,QB,0,2,false,leaders
2016,BUF,14163,QB,3023,0,false,leaders
2016,BUF,15803,QB,131,1,false,leaders
2016,BUF,2976299,QB,96,2,false,leaders
2016,BUF,2980077,QB,0,3,false,leaders
2016,CAR,13994,QB,3509,0,false,leaders
2016,CAR,8627,QB,453,1,false,leaders
2016,CHI,15948,QB,1611,0,false,leaders
2016,CHI,12477,QB,1445,1,false,leaders
2016,CHI,9597,QB,1059,2,false,leaders
2016,CHI,16821,QB,22,3,false,leaders
2016,CHI,2520698,QB,2,4,false,leaders
2016,CIN,14012,QB,4206,0,false,leaders
2016,CLE,2577243,QB,1380,0,false,leaders
2016,CLE,3609,QB,1100,1,false,leaders
2016,CLE,14875,QB,886,2,false,leaders
2016,CLE,9667,QB,182,3,false,leaders
2016,CLE,2577128,QB,104,4,false,leaders
2016,CLE,14851,QB,41,5,false,leaders
2016,CLE,2969962,QB,0,6,false,leaders
2016,DAL,2577417,QB,3667,0,false,leaders
2016,DAL,12482,QB,93,1,false,leaders
2016,DAL,5209,QB,29,2,false,leaders
2016,DAL,13215,QB,10,3,false,leaders
2016,DAL,15349,QB,0,4,false,leaders
2016,DEN,2511109,QB,3401,0,false,leaders
2016,DEN,2977881,QB,497,1,false,leaders
2016,DEN,2577619,QB,16,2,false,leaders
2016,DET,12483,QB,4327,0,false,leaders
2016,GB,8439,QB,4428,0,false,leaders
2016,GB,2577189,QB,17,1,false,leaders
2016,HOU,14879,QB,2957,0,false,leaders
2016,HOU,16943,QB,461,1,false,leaders
2016,IND,14874,QB,4240,0,false,leaders
2016,IND,14353,QB,216,1,false,leaders
2016,IND,12689,QB,35,2,false,leaders
2016,IND,2971051,QB,0,3,false,leaders
2016,JAX,16724,QB,3905,0,false,leaders
2016,JAX,16787,QB,20,1,false,leaders
2016,KC,8416,QB,3502,0,false,leaders
2016,KC,14877,QB,410,1,false,leaders
2016,KC,14939,QB,2,2,false,leaders
2016,KC,12579,QB,0,3,false,leaders
2016,LAC,5529,QB,4386,0,false,leaders
2016,LAC,9635,QB,0,1,false,leaders
2016,LAC,15062,QB,0,2,false,leaders
2016,LAR,15168,QB,2201,0,false,leaders
2016,LAR,3046779,QB,1089,1,false,leaders
2016,LAR,2517017,QB,19,2,false,leaders
2016,LAR,15153,QB,4,3,false,leaders
2016,LAR,3048897,QB,0,4,false,leaders
2016,LV,16757,QB,3937,0,false,leaders
2016,LV,2576261,QB,150,1,false,leaders
2016,LV,16593,QB,50,2,false,leaders
2016,MIA,14876,QB,2995,0,false,leaders
2016,MIA,11128,QB,721,1,false,leaders
2016,MIA,16790,QB,0,2,false,leaders
2016,MIN,13197,QB,3877,0,false,leaders
2016,MIN,4260,QB,242,1,false,leaders
2016,MIN,16782,QB,0,2,false,leaders
2016,NE,2330,QB,3554,0,false,leaders
2016,NE,16760,QB,502,1,false,leaders
2016,NE,2578570,QB,400,2,false,leaders
2016,NO,2580,QB,5208,0,false,leaders
2016,NO,17258,QB,50,1,false,leaders
2016,NYG,5526,QB,4027,0,false,leaders
2016,NYJ,8664,QB,2710,0,false,leaders
2016,NYJ,2466005,QB,809,1,false,leaders
2016,NYJ,15864,QB,126,2,false,leaders
2016,PHI,2573079,QB,3782,0,false,leaders
2016,PHI,12471,QB,16,1,false,leaders
2016,PHI,16779,QB,0,2,false,leaders
2016,PIT,5536,QB,3819,0,false,leaders
2016,PIT,15904,QB,558,1,false,leaders
2016,PIT,15825,QB,0,2,false,leaders
2016,SEA,14881,QB,4219,0,false,leaders
2016,SEA,2575910,QB,145,1,false,leaders
2016,SEA,2577684,QB,43,2,false,leaders
2016,SEA,14221,QB,15,3,false,leaders
2016,SEA,10238,QB,0,4,false,leaders
2016,SF,14001,QB,2241,0,false,leaders
2016,SF,13987,QB,925,1,false,leaders
2016,TB,2969939,QB,4090,0,false,leaders
2016,TB,15837,QB,75,1,false,leaders
2016,TEN,2576980,QB,3426,0,false,leaders
2016,TEN,8644,QB,284,1,false,leaders
2016,TEN,14005,QB,10,2,false,leaders
2016,WSH,14880,QB,4917,0,false,leaders
2016,WSH,16166,QB,31,1,false,leaders
2017,ARI,4459,QB,1978,0,false,leaders
2017,ARI,13987,QB,1086,1,false,leaders
2017,ARI,10487,QB,894,2,false,leaders
2017,ARI,5528,QB,21,3,false,leaders
2017,ATL,11237,QB,4095,0,false,leaders
2017,ATL,14922,QB,51,1,false,leaders
2017,BAL,11252,QB,3141,0,false,leaders
2017,BAL,14037,QB,56,1,false,leaders
2017,BAL,9789,QB,38,2,false,leaders
2017,BUF,14163,QB,2799,0,false,leaders
2017,BUF,2972236,QB,252,1,false,leaders
2017,BUF,13484,QB,35,2,false,leaders
2017,CAR,13994,QB,3302,0,false,leaders
2017,CAR,8627,QB,17,1,false,leaders
2017,CAR,17475,QB,0,2,false,leaders
2017,CHI,3039707,QB,2193,0,false,leaders
2017,CHI,15837,QB,833,1,false,leaders
2017,CHI,16863,QB,38,2,false,leaders
2017,CHI,3066158,QB,21,3,false,leaders
2017,CIN,14012,QB,3320,0,false,leaders
2017,CIN,16810,QB,66,1,false,leaders
2017,CLE,3129302,QB,2894,0,false,leaders
2017,CLE,2577128,QB,517,1,false,leaders
2017,CLE,2577243,QB,126,2,false,leaders
2017,DAL,2577417,QB,3324,0,false,leaders
2017,DAL,2972515,QB,2,1,false,leaders
2017,DEN,2511109,QB,2285,0,false,leaders
2017,DEN,14879,QB,1088,1,false,leaders
2017,DEN,2977881,QB,295,2,false,leaders
2017,DET,12483,QB,4446,0,false,leaders
2017,DET,2582424,QB,24,1,false,leaders
2017,GB,2577189,QB,1836,0,false,leaders
2017,GB,8439,QB,1675,1,false,leaders
2017,GB,3078660,QB,11,2,false,leaders
2017,GB,14053,QB,10,3,false,leaders
2017,HOU,3122840,QB,1699,0,false,leaders
2017,HOU,16943,QB,1412,1,false,leaders
2017,HOU,14114,QB,523,2,false,leaders
2017,HOU,2565969,QB,10,3,false,leaders
2017,IND,2578570,QB,3098,0,false,leaders
2017,IND,14353,QB,128,1,false,leaders
2017,JAX,16724,QB,3687,0,false,leaders
2017,JAX,15051,QB,29,1,false,leaders
2017,JAX,11291,QB,0,2,false,leaders
2017,JAX,16787,QB,0,3,false,leaders
2017,KC,8416,QB,4042,0,false,leaders
2017,KC,3139477,QB,284,1,false,leaders
2017,KC,15847,QB,0,2,false,leaders
2017,KC,16252,QB,0,3,false,leaders
2017,KC,3116406,QB,0,4,false,leaders
2017,LAC,5529,QB,4515,0,false,leaders
2017,LAC,9635,QB,36,1,false,leaders
2017,LAR,3046779,QB,3804,0,false,leaders
2017,LAR,2517017,QB,185,1,false,leaders
2017,LAR,15153,QB,34,2,false,leaders
2017,LAR,2977187,QB,0,3,false,leaders
2017,LV,16757,QB,3496,0,false,leaders
2017,LV,15803,QB,265,1,false,leaders
2017,MIA,9597,QB,2666,0,false,leaders
2017,MIA,11128,QB,861,1,false,leaders
2017,MIA,16821,QB,265,2,false,leaders
2017,MIA,16323,QB,0,3,false,leaders
2017,MIA,16790,QB,0,4,false,leaders
2017,MIA,3043237,QB,0,5,false,leaders
2017,MIN,15168,QB,3547,0,false,leaders
2017,MIN,13197,QB,382,1,false,leaders
2017,MIN,15616,QB,0,2,false,leaders
2017,MIN,16728,QB,0,3,false,leaders
2017,NE,2330,QB,4577,0,false,leaders
2017,NE,12477,QB,42,1,false,leaders
2017,NO,2580,QB,4334,0,false,leaders
2017,NYG,5526,QB,3468,0,false,leaders
2017,NYG,15864,QB,212,1,false,leaders
2017,NYG,14017,QB,0,2,false,leaders
2017,NYJ,3609,QB,2926,0,false,leaders
2017,NYJ,2466005,QB,544,1,false,leaders
2017,NYJ,3061740,QB,31,2,false,leaders
2017,PHI,2573079,QB,3296,0,false,leaders
2017,PHI,14877,QB,537,1,false,leaders
2017,PHI,2979501,QB,134,2,false,leaders
2017,PIT,5536,QB,4251,0,false,leaders
2017,PIT,15904,QB,239,1,false,leaders
2017,PIT,15213,QB,44,2,false,leaders
2017,SEA,14881,QB,3983,0,false,leaders
2017,SEA,2577684,QB,0,1,false,leaders
2017,SEA,10238,QB,-4,2,false,leaders
2017,SF,16760,QB,1560,0,false,leaders
2017,SF,2979520,QB,1430,1,false,leaders
2017,SF,12477,QB,1245,2,false,leaders
2017,TB,2969939,QB,3504,0,false,leaders
2017,TB,8664,QB,1103,1,false,leaders
2017,TEN,2576980,QB,3232,0,false,leaders
2017,TEN,8644,QB,162,1,false,leaders
2017,TEN,13271,QB,0,2,false,leaders
2017,WSH,14880,QB,4093,0,false,leaders
2018,ARI,3886377,QB,2278,0,false,leaders
2018,ARI,13197,QB,400,1,false,leaders
2018,ARI,15837,QB,174,2,false,leaders
2018,ARI,5528,QB,32,3,false,leaders
2018,ATL,11237,QB,4924,0,false,leaders
2018,ATL,5615,QB,20,1,false,leaders
2018,ATL,14922,QB,5,2,false,leaders
2018,BAL,11252,QB,2465,0,false,leaders
2018,BAL,3916387,QB,1201,1,false,leaders
2018,BAL,9789,QB,21,2,false,leaders
2018,BAL,14875,QB,21,3,false,leaders
2018,BUF,3918298,QB,2074,0,false,leaders
2018,BUF,8627,QB,465,1,false,leaders
2018,BUF,2972236,QB,296,2,false,leaders
2018,BUF,15948,QB,232,3,false,leaders
2018,BUF,16813,QB,15,4,false,leaders
2018,BUF,3059722,QB,0,5,false,leaders
2018,CAR,13994,QB,3395,0,false,leaders
2018,CAR,2565969,QB,320,1,false,leaders
2018,CAR,3115293,QB,266,2,false,leaders
2018,CAR,3117251,QB,50,3,false,leaders
2018,CAR,16809,QB,40,4,false,leaders
2018,CHI,3039707,QB,3223,0,false,leaders
2018,CHI,12471,QB,515,1,false,leaders
2018,CHI,3050487,QB,8,2,false,leaders
2018,CHI,3066158,QB,1,3,false,leaders
2018,CIN,14012,QB,2566,0,false,leaders
2018,CIN,2574630,QB,1003,1,false,leaders
2018,CIN,3045144,QB,0,2,false,leaders
2018,CLE,3052587,QB,3725,0,false,leaders
2018,CLE,14163,QB,473,1,false,leaders
2018,CLE,16790,QB,63,2,false,leaders
2018,CLE,3126246,QB,0,3,false,leaders
2018,DAL,2577417,QB,3885,0,false,leaders
2018,DAL,15349,QB,0,1,false,leaders
2018,DEN,15168,QB,3890,0,false,leaders
2018,DEN,13295,QB,28,1,false,leaders
2018,DEN,3050015,QB,12,2,false,leaders
2018,DET,12483,QB,3777,0,false,leaders
2018,DET,8644,QB,59,1,false,leaders
2018,DET,11122,QB,8,2,false,leaders
2018,DET,16946,QB,0,3,false,leaders
2018,GB,8439,QB,4442,0,false,leaders
2018,GB,3129302,QB,187,1,false,leaders
2018,GB,3126368,QB,0,2,false,leaders
2018,HOU,3122840,QB,4165,0,false,leaders
2018,HOU,15795,QB,0,1,false,leaders
2018,IND,14874,QB,4593,0,false,leaders
2018,IND,2578570,QB,2,1,false,leaders
2018,IND,16732,QB,0,2,false,leaders
2018,JAX,16724,QB,2718,0,false,leaders
2018,JAX,2577243,QB,709,1,false,leaders
2018,JAX,3115480,QB,4,2,false,leaders
2018,JAX,3892889,QB,0,3,false,leaders
2018,KC,3139477,QB,5097,0,false,leaders
2018,KC,11291,QB,29,1,false,leaders
2018,LAC,5529,QB,4308,0,false,leaders
2018,LAC,15864,QB,8,1,false,leaders
2018,LAR,3046779,QB,4688,0,false,leaders
2018,LAR,2517017,QB,23,1,false,leaders
2018,LAR,15153,QB,19,2,false,leaders
2018,LV,16757,QB,4049,0,false,leaders
2018,LV,16810,QB,8,1,false,leaders
2018,MIA,14876,QB,1979,0,false,leaders
2018,MIA,14879,QB,1247,1,false,leaders
2018,MIA,17051,QB,52,2,false,leaders
2018,MIA,11674,QB,28,3,false,leaders
2018,MIA,16016,QB,3,4,false,leaders
2018,MIN,14880,QB,4298,0,false,leaders
2018,NE,2330,QB,4355,0,false,leaders
2018,NE,12649,QB,43,1,false,leaders
2018,NE,12477,QB,7,2,false,leaders
2018,NO,2580,QB,3992,0,false,leaders
2018,NO,16728,QB,118,1,false,leaders
2018,NO,2468609,QB,64,2,false,leaders
2018,NYG,5526,QB,4299,0,false,leaders
2018,NYG,16733,QB,106,1,false,leaders
2018,NYG,3049872,QB,0,2,false,leaders
2018,NYJ,3912547,QB,2865,0,false,leaders
2018,NYJ,3609,QB,539,1,false,leaders
2018,PHI,2573079,QB,3074,0,false,leaders
2018,PHI,14877,QB,1413,1,false,leaders
2018,PHI,2979501,QB,22,2,false,leaders
2018,PHI,2971618,QB,15,3,false,leaders
2018,PIT,5536,QB,5129,0,false,leaders
2018,PIT,3044720,QB,43,1,false,leaders
2018,PIT,17372,QB,2,2,false,leaders
2018,PIT,13934,QB,0,3,false,leaders
2018,SEA,14881,QB,3448,0,false,leaders
2018,SF,3059989,QB,2277,0,false,leaders
2018,SF,2979520,QB,1252,1,false,leaders
2018,SF,16760,QB,718,2,false,leaders
2018,TB,2969939,QB,2992,0,false,leaders
2018,TB,8664,QB,2366,1,false,leaders
2018,TB,14950,QB,0,2,false,leaders
2018,TEN,2576980,QB,2528,0,false,leaders
2018,TEN,13987,QB,626,1,false,leaders
2018,TEN,2574056,QB,66,2,false,leaders
2018,TEN,2577808,QB,21,3,false,leaders
2018,TEN,3043078,QB,14,4,false,leaders
2018,WSH,8416,QB,2180,0,false,leaders
2018,WSH,11394,QB,590,1,false,leaders
2018,WSH,13199,QB,372,2,false,leaders
2018,WSH,12482,QB,138,3,false,leaders
2018,WSH,16166,QB,7,4,false,leaders
2019,ARI,3917315,QB,3722,0,false,leaders
2019,ARI,2577189,QB,49,1,false,leaders
2019,ARI,5713,QB,26,2,false,leaders
2019,ATL,11237,QB,4466,0,false,leaders
2019,ATL,5615,QB,580,1,false,leaders
2019,ATL,15921,QB,3,2,false,leaders
2019,BAL,3916387,QB,3127,0,false,leaders
2019,BAL,14875,QB,225,1,false,leaders
2019,BAL,9789,QB,-2,2,false,leaders
2019,BUF,3918298,QB,3089,0,false,leaders
2019,BUF,15948,QB,359,1,false,leaders
2019,BUF,16804,QB,28,2,false,leaders
2019,CAR,3115293,QB,3322,0,false,leaders
2019,CAR,13994,QB,572,1,false,leaders
2019,CAR,3115252,QB,228,2,false,leaders
2019,CAR,17475,QB,12,3,false,leaders
2019,CAR,3117251,QB,0,4,false,leaders
2019,CHI,3039707,QB,3138,0,false,leaders
2019,CHI,12471,QB,435,1,false,leaders
2019,CIN,14012,QB,3494,0,false,leaders
2019,CIN,3042876,QB,474,1,false,leaders
2019,CIN,2977800,QB,26,2,false,leaders
2019,CLE,3052587,QB,3827,0,false,leaders
2019,CLE,16733,QB,20,1,false,leaders
2019,CLE,16809,QB,0,2,false,leaders
2019,DAL,2577417,QB,4902,0,false,leaders
2019,DAL,14053,QB,0,1,false,leaders
2019,DEN,11252,QB,1822,0,false,leaders
2019,DEN,3924327,QB,1020,1,false,leaders
2019,DEN,2574511,QB,515,2,false,leaders
2019,DEN,3128429,QB,38,3,false,leaders
2019,DEN,3125107,QB,6,4,false,leaders
2019,DET,12483,QB,2499,0,false,leaders
2019,DET,3116188,QB,984,1,false,leaders
2019,DET,2574630,QB,685,2,false,leaders
2019,DET,11674,QB,19,3,false,leaders
2019,GB,8439,QB,4002,0,false,leaders
2019,GB,3045169,QB,15,1,false,leaders
2019,HOU,3122840,QB,3852,0,false,leaders
2019,HOU,16810,QB,225,1,false,leaders
2019,HOU,15795,QB,6,2,false,leaders
2019,IND,2578570,QB,2942,0,false,leaders
2019,IND,12477,QB,372,1,false,leaders
2019,IND,2978109,QB,0,2,false,leaders
2019,JAX,4038524,QB,3271,0,false,leaders
2019,JAX,14877,QB,736,1,false,leaders
2019,JAX,3115480,QB,16,2,false,leaders
2019,KC,3139477,QB,4031,0,false,leaders
2019,KC,11128,QB,659,1,false,leaders
2019,KC,8513,QB,0,2,false,leaders
2019,LAC,5529,QB,4615,0,false,leaders
2019,LAC,14163,QB,33,1,false,leaders
2019,LAR,3046779,QB,4638,0,false,leaders
2019,LAR,15153,QB,28,1,false,leaders
2019,LAR,16724,QB,3,2,false,leaders
2019,LAR,2977187,QB,0,3,false,leaders
2019,LV,16757,QB,4054,0,false,leaders
2019,LV,15837,QB,56,1,false,leaders
2019,MIA,8664,QB,3529,0,false,leaders
2019,MIA,3886377,QB,567,1,false,leaders
2019,MIA,17051,QB,20,2,false,leaders
2019,MIA,3043237,QB,1,3,false,leaders
2019,MIN,14880,QB,3603,0,false,leaders
2019,MIN,2517017,QB,126,1,false,leaders
2019,MIN,2976212,QB,0,2,false,leaders
2019,NE,2330,QB,4057,0,false,leaders
2019,NE,12649,QB,47,1,false,leaders
2019,NE,16913,QB,35,2,false,leaders
2019,NE,3892775,QB,14,3,false,leaders
2019,NO,2580,QB,2979,0,false,leaders
2019,NO,16728,QB,1384,1,false,leaders
2019,NO,2468609,QB,55,2,false,leaders
2019,NO,3054850,QB,13,3,false,leaders
2019,NYG,3917792,QB,3027,0,false,leaders
2019,NYG,5526,QB,1042,1,false,leaders
2019,NYG,15693,QB,1,2,false,leaders
2019,NYJ,3912547,QB,3024,0,false,leaders
2019,NYJ,3052061,QB,416,1,false,leaders
2019,NYJ,2511109,QB,3,2,false,leaders
2019,NYJ,14129,QB,0,3,false,leaders
2019,PHI,2573079,QB,4039,0,false,leaders
2019,PHI,3609,QB,24,1,false,leaders
2019,PHI,3050478,QB,0,2,false,leaders
2019,PIT,3116407,QB,1765,0,false,leaders
2019,PIT,3127051,QB,1063,1,false,leaders
2019,PIT,5536,QB,351,2,false,leaders
2019,PIT,3116721,QB,35,3,false,leaders
2019,SEA,14881,QB,4110,0,false,leaders
2019,SEA,15705,QB,0,1,false,leaders
2019,SF,16760,QB,3978,0,false,leaders
2019,SF,13295,QB,35,1,false,leaders
2019,SF,3127306,QB,16,2,false,leaders
2019,TB,2969939,QB,5109,0,false,leaders
2019,TB,16140,QB,18,1,false,leaders
2019,TEN,14876,QB,2742,0,false,leaders
2019,TEN,2576980,QB,1203,1,false,leaders
2019,TEN,11555,QB,11,2,false,leaders
2019,WSH,15168,QB,1707,0,false,leaders
2019,WSH,4040616,QB,1365,1,false,leaders
2019,WSH,13199,QB,122,2,false,leaders
2019,WSH,4036163,QB,11,3,false,leaders
2019,WSH,3917960,QB,0,4,false,leaders
2020,ARI,3917315,QB,3971,0,false,leaders
2020,ARI,3040206,QB,105,1,false,leaders
2020,ARI,5713,QB,26,2,false,leaders
2020,ATL,11237,QB,4581,0,false,leaders
2020,ATL,3115378,QB,39,1,false,leaders
2020,BAL,3916387,QB,2757,0,false,leaders
2020,BAL,3116172,QB,90,1,false,leaders
2020,BAL,14875,QB,42,2,false,leaders
2020,BAL,9789,QB,15,3,false,leaders
2020,BAL,4035671,QB,15,4,false,leaders
2020,BUF,3918298,QB,4544,0,false,leaders
2020,BUF,15948,QB,197,1,false,leaders
2020,BUF,15349,QB,20,2,false,leaders
2020,BUF,3672862,QB,13,3,false,leaders
2020,BUF,3128724,QB,12,4,false,leaders
2020,CAR,16728,QB,3733,0,false,leaders
2020,CAR,3051308,QB,368,1,false,leaders
2020,CAR,3924357,QB,28,2,false,leaders
2020,CAR,3915416,QB,0,3,false,leaders
2020,CHI,3039707,QB,2055,0,false,leaders
2020,CHI,14877,QB,1852,1,false,leaders
2020,CHI,16252,QB,18,2,false,leaders
2020,CIN,3915511,QB,2688,0,false,leaders
2020,CIN,2574511,QB,925,1,false,leaders
2020,CIN,3042876,QB,164,2,false,leaders
2020,CIN,3045144,QB,16,3,false,leaders
2020,CIN,2977800,QB,0,4,false,leaders
2020,CLE,3052587,QB,3563,0,false,leaders
2020,CLE,16790,QB,74,1,false,leaders
2020,CLE,15168,QB,46,2,false,leaders
2020,CLE,16733,QB,18,3,false,leaders
2020,DAL,14012,QB,2169,0,false,leaders
2020,DAL,2577417,QB,1856,1,false,leaders
2020,DAL,16809,QB,243,2,false,leaders
2020,DAL,3895785,QB,219,3,false,leaders
2020,DAL,4036335,QB,23,4,false,leaders
2020,DAL,14723,QB,0,5,false,leaders
2020,DEN,3924327,QB,2933,0,false,leaders
2020,DEN,2574630,QB,432,1,false,leaders
2020,DEN,3722362,QB,295,2,false,leaders
2020,DEN,3700815,QB,13,3,false,leaders
2020,DET,12483,QB,4084,0,false,leaders
2020,DET,12471,QB,264,1,false,leaders
2020,DET,3116188,QB,49,2,false,leaders
2020,DET,3061612,QB,0,3,false,leaders
2020,GB,8439,QB,4299,0,false,leaders
2020,HOU,3122840,QB,4823,0,false,leaders
2020,HOU,16810,QB,20,1,false,leaders
2020,HOU,14053,QB,0,2,false,leaders
2020,IND,5529,QB,4169,0,false,leaders
2020,IND,2578570,QB,17,1,false,leaders
2020,IND,2978109,QB,0,2,false,leaders
2020,JAX,4038524,QB,2259,0,false,leaders
2020,JAX,15837,QB,1072,1,false,leaders
2020,JAX,3124900,QB,624,2,false,leaders
2020,KC,3139477,QB,4740,0,false,leaders
2020,KC,11291,QB,248,1,false,leaders
2020,KC,3915398,QB,13,2,false,leaders
2020,KC,15847,QB,4,3,false,leaders
2020,KC,16725,QB,0,4,false,leaders
2020,LAC,4038941,QB,4336,0,false,leaders
2020,LAC,14163,QB,208,1,false,leaders
2020,LAC,3120590,QB,4,2,false,leaders
2020,LAC,15818,QB,0,3,false,leaders
2020,LAR,3046779,QB,3952,0,false,leaders
2020,LAR,3124092,QB,231,1,false,leaders
2020,LV,16757,QB,4103,0,false,leaders
2020,LV,2576980,QB,226,1,false,leaders
2020,LV,3059722,QB,29,2,false,leaders
2020,LV,2972236,QB,25,3,false,leaders
2020,MIA,8664,QB,2091,0,false,leaders
2020,MIA,4241479,QB,1814,1,false,leaders
2020,MIA,4259979,QB,32,2,false,leaders
2020,MIN,14880,QB,4265,0,false,leaders
2020,NE,13994,QB,2657,0,false,leaders
2020,NE,3892775,QB,256,1,false,leaders
2020,NE,12477,QB,130,2,false,leaders
2020,NE,3916433,QB,43,3,false,leaders
2020,NE,12649,QB,38,4,false,leaders
2020,NO,2580,QB,2942,0,false,leaders
2020,NO,2468609,QB,928,1,false,leaders
2020,NO,2969939,QB,75,2,false,leaders
2020,NYG,3917792,QB,2943,0,false,leaders
2020,NYG,13199,QB,375,1,false,leaders
2020,NYG,13217,QB,18,2,false,leaders
2020,NYG,2577619,QB,0,3,false,leaders
2020,NYJ,3912547,QB,2208,0,false,leaders
2020,NYJ,11252,QB,864,1,false,leaders
2020,NYJ,2576716,QB,43,2,false,leaders
2020,PHI,2573079,QB,2620,0,false,leaders
2020,PHI,4040715,QB,1061,1,false,leaders
2020,PHI,2979501,QB,32,2,false,leaders
2020,PHI,3040035,QB,15,3,false,leaders
2020,PIT,5536,QB,3803,0,false,leaders
2020,PIT,3116407,QB,324,1,false,leaders
2020,PIT,3044720,QB,2,2,false,leaders
2020,SEA,14881,QB,4212,0,false,leaders
2020,SEA,15864,QB,33,1,false,leaders
2020,SF,3059989,QB,2437,0,false,leaders
2020,SF,16760,QB,1096,1,false,leaders
2020,SF,2979520,QB,787,2,false,leaders
2020,TB,2330,QB,4633,0,false,leaders
2020,TB,13987,QB,143,1,false,leaders
2020,TEN,14876,QB,3819,0,false,leaders
2020,TEN,3042749,QB,7,1,false,leaders
2020,TEN,11555,QB,0,2,false,leaders
2020,WSH,8416,QB,1582,0,false,leaders
2020,WSH,4040616,QB,1439,1,false,leaders
2020,WSH,3115293,QB,610,2,false,leaders
2020,WSH,2565969,QB,137,3,false,leaders
2020,WSH,16813,QB,28,4,false,leaders
2020,WSH,4044121,QB,0,5,false,leaders
2021,ARI,3917315,QB,3787,0,false,leaders
2021,ARI,13199,QB,740,1,false,leaders
2021,ARI,3040206,QB,36,2,false,leaders
2021,ARI,3895856,QB,33,3,false,leaders
2021,ARI,15782,QB,23,4,false,leaders
2021,ATL,11237,QB,3968,0,false,leaders
2021,ATL,3886377,QB,19,1,false,leaders
2021,ATL,15807,QB,0,2,false,leaders
2021,ATL,4034948,QB,0,3,false,leaders
2021,BAL,3916387,QB,2882,0,false,leaders
2021,BAL,4035671,QB,1081,1,false,leaders
2021,BAL,11394,QB,304,2,false,leaders
2021,BAL,9789,QB,0,3,false,leaders
2021,BUF,3918298,QB,4407,0,false,leaders
2021,BUF,3039707,QB,43,1,false,leaders
2021,BUF,15349,QB,0,2,false,leaders
2021,CAR,3912547,QB,2527,0,false,leaders
2021,CAR,13994,QB,684,1,false,leaders
2021,CAR,3051308,QB,362,2,false,leaders
2021,CHI,4362887,QB,1870,0,false,leaders
2021,CHI,14012,QB,1515,1,false,leaders
2021,CHI,14877,QB,250,2,false,leaders
2021,CHI,4035538,QB,0,3,false,leaders
2021,CIN,3915511,QB,4611,0,false,leaders
2021,CIN,2574511,QB,149,1,false,leaders
2021,CIN,3045144,QB,46,2,false,leaders
2021,CLE,3052587,QB,3010,0,false,leaders
2021,CLE,15168,QB,462,1,false,leaders
2021,CLE,3059989,QB,147,2,false,leaders
2021,DAL,2577417,QB,4449,0,false,leaders
2021,DAL,2972515,QB,422,1,false,leaders
2021,DAL,4036335,QB,88,2,false,leaders
2021,DAL,3051392,QB,4,3,false,leaders
2021,DEN,16728,QB,3052,0,false,leaders
2021,DEN,3924327,QB,787,1,false,leaders
2021,DEN,3128429,QB,16,2,false,leaders
2021,DEN,3700815,QB,1,3,false,leaders
2021,DEN,3722362,QB,0,4,false,leaders
2021,DET,3046779,QB,3245,0,false,leaders
2021,DET,3045169,QB,526,1,false,leaders
2021,DET,3126997,QB,75,2,false,leaders
2021,DET,3916370,QB,38,3,false,leaders
2021,GB,8439,QB,4115,0,false,leaders
2021,GB,4036378,QB,411,1,false,leaders
2021,HOU,4242546,QB,2664,0,false,leaders
2021,HOU,14163,QB,966,1,false,leaders
2021,HOU,11674,QB,0,2,false,leaders
2021,HOU,15971,QB,0,3,false,leaders
2021,IND,2573079,QB,3563,0,false,leaders
2021,IND,4035003,QB,25,1,false,leaders
2021,JAX,4360310,QB,3641,0,false,leaders
2021,JAX,2979520,QB,33,1,false,leaders
2021,KC,3139477,QB,4839,0,false,leaders
2021,KC,11291,QB,82,1,false,leaders
2021,KC,3915398,QB,16,2,false,leaders
2021,LAC,4038941,QB,5014,0,false,leaders
2021,LAC,15818,QB,0,1,false,leaders
2021,LAC,2582324,QB,0,2,false,leaders
2021,LAR,12483,QB,4886,0,false,leaders
2021,LAR,3124092,QB,5,1,false,leaders
2021,LAR,15153,QB,2,2,false,leaders
2021,LAR,2977187,QB,0,3,false,leaders
2021,LV,16757,QB,4804,0,false,leaders
2021,LV,2576980,QB,4,1,false,leaders
2021,MIA,4241479,QB,2653,0,false,leaders
2021,MIA,2578570,QB,1283,1,false,leaders
2021,MIA,17051,QB,0,2,false,leaders
2021,MIA,3116164,QB,0,3,false,leaders
2021,MIN,14880,QB,4221,0,false,leaders
2021,MIN,2517017,QB,189,1,false,leaders
2021,MIN,4262921,QB,35,2,false,leaders
2021,MIN,4240904,QB,5,3,false,leaders
2021,NE,4241464,QB,3801,0,false,leaders
2021,NE,12477,QB,227,1,false,leaders
2021,NE,3916433,QB,45,2,false,leaders
2021,NE,3045523,QB,25,3,false,leaders
2021,NO,2969939,QB,1170,0,false,leaders
2021,NO,2511109,QB,1154,1,false,leaders
2021,NO,2468609,QB,978,2,false,leaders
2021,NO,4046678,QB,135,3,false,leaders
2021,NYG,3917792,QB,2428,0,false,leaders
2021,NYG,15837,QB,790,1,false,leaders
2021,NYG,4240689,QB,210,2,false,leaders
2021,NYG,4240600,QB,19,3,false,leaders
2021,NYG,3127306,QB,16,4,false,leaders
2021,NYG,2577619,QB,0,5,false,leaders
2021,NYJ,4361259,QB,2334,0,false,leaders
2021,NYJ,3051381,QB,953,1,false,leaders
2021,NYJ,11252,QB,338,2,false,leaders
2021,NYJ,11394,QB,334,3,false,leaders
2021,NYJ,3071572,QB,0,4,false,leaders
2021,PHI,4040715,QB,3144,0,false,leaders
2021,PHI,4038524,QB,439,1,false,leaders
2021,PHI,3040035,QB,2,2,false,leaders
2021,PIT,5536,QB,3740,0,false,leaders
2021,PIT,3116407,QB,277,1,false,leaders
2021,PIT,17372,QB,0,2,false,leaders
2021,SEA,14881,QB,3113,0,false,leaders
2021,SEA,15864,QB,702,1,false,leaders
2021,SF,16760,QB,3810,0,false,leaders
2021,SF,4383351,QB,603,1,false,leaders
2021,SF,3126486,QB,24,2,false,leaders
2021,TB,2330,QB,5316,0,false,leaders
2021,TB,13987,QB,67,1,false,leaders
2021,TB,3115364,QB,0,2,false,leaders
2021,TEN,14876,QB,3734,0,false,leaders
2021,TEN,2579840,QB,6,1,false,leaders
2021,TEN,3043078,QB,5,2,false,leaders
2021,WSH,2565969,QB,3419,0,false,leaders
2021,WSH,16809,QB,194,1,false,leaders
2021,WSH,3115293,QB,120,2,false,leaders
2021,WSH,8664,QB,13,3,false,leaders
2022,ARI,3917315,QB,2368,0,false,leaders
2022,ARI,13199,QB,780,1,false,leaders
2022,ARI,3116172,QB,412,2,false,leaders
2022,ARI,3116188,QB,402,3,false,leaders
2022,ARI,5713,QB,4,4,false,leaders
2022,ATL,2576980,QB,2219,0,false,leaders
2022,ATL,4239086,QB,708,1,false,leaders
2022,BAL,3916387,QB,2242,0,false,leaders
2022,BAL,4035671,QB,658,1,false,leaders
2022,BAL,4035312,QB,302,2,false,leaders
2022,BAL,3916204,QB,0,3,false,leaders
2022,BUF,3918298,QB,4283,0,false,leaders
2022,BUF,15168,QB,8,1,false,leaders
2022,CAR,3052587,QB,1313,0,false,leaders
2022,CAR,3912547,QB,1143,1,false,leaders
2022,CAR,3051308,QB,731,2,false,leaders
2022,CAR,4035003,QB,59,3,false,leaders
2022,CHI,4362887,QB,2242,0,false,leaders
2022,CHI,2511109,QB,184,1,false,leaders
2022,CHI,2972236,QB,139,2,false,leaders
2022,CHI,3045169,QB,33,3,false,leaders
2022,CIN,3915511,QB,4475,0,false,leaders
2022,CIN,3045144,QB,23,1,false,leaders
2022,CIN,2574511,QB,22,2,false,leaders
2022,CLE,2578570,QB,2608,0,false,leaders
2022,CLE,3122840,QB,1102,1,false,leaders
2022,CLE,2976499,QB,0,2,false,leaders
2022,DAL,2577417,QB,2860,0,false,leaders
2022,DAL,2972515,QB,1051,1,false,leaders
2022,DEN,14881,QB,3524,0,false,leaders
2022,DEN,3722362,QB,483,1,false,leaders
2022,DET,3046779,QB,4438,0,false,leaders
2022,DET,3916370,QB,6,1,false,leaders
2022,GB,8439,QB,3695,0,false,leaders
2022,GB,4036378,QB,195,1,false,leaders
2022,HOU,4242546,QB,3118,0,false,leaders
2022,HOU,3115293,QB,416,1,false,leaders
2022,HOU,2574630,QB,108,2,false,leaders
2022,HOU,15971,QB,0,3,false,leaders
2022,HOU,2579604,QB,0,4,false,leaders
2022,IND,11237,QB,3057,0,false,leaders
2022,IND,4241820,QB,573,1,false,leaders
2022,IND,14877,QB,224,2,false,leaders
2022,JAX,4360310,QB,4113,0,false,leaders
2022,JAX,2979520,QB,35,1,false,leaders
2022,JAX,3895856,QB,0,2,false,leaders
2022,KC,3139477,QB,5250,0,false,leaders
2022,KC,11291,QB,0,1,false,leaders
2022,KC,3915398,QB,0,2,false,leaders
2022,LAC,4038941,QB,4739,0,false,leaders
2022,LAC,12471,QB,52,1,false,leaders
2022,LAR,12483,QB,2087,0,false,leaders
2022,LAR,3052587,QB,850,1,false,leaders
2022,LAR,3124092,QB,390,2,false,leaders
2022,LAR,3675812,QB,161,3,false,leaders
2022,LAR,2577619,QB,18,4,false,leaders
2022,LAR,2977187,QB,0,5,false,leaders
2022,LV,16757,QB,3522,0,false,leaders
2022,LV,3892775,QB,656,1,false,leaders
2022,LV,2991662,QB,4,2,false,leaders
2022,MIA,4241479,QB,3548,0,false,leaders
2022,MIA,16728,QB,683,1,false,leaders
2022,MIA,4036419,QB,534,2,false,leaders
2022,MIN,14880,QB,4547,0,false,leaders
2022,MIN,3059989,QB,224,1,false,leaders
2022,MIN,4262921,QB,34,2,false,leaders
2022,MIN,4361823,QB,13,3,false,leaders
2022,NE,4241464,QB,2997,0,false,leaders
2022,NE,4250360,QB,781,1,false,leaders
2022,NE,12477,QB,37,2,false,leaders
2022,NO,14012,QB,2871,0,false,leaders
2022,NO,2969939,QB,858,1,false,leaders
2022,NO,2468609,QB,240,2,false,leaders
2022,NYG,3917792,QB,3205,0,false,leaders
2022,NYG,3052600,QB,168,1,false,leaders
2022,NYG,14163,QB,58,2,false,leaders
2022,NYJ,4361259,QB,1688,0,false,leaders
2022,NYJ,3051381,QB,1192,1,false,leaders
2022,NYJ,11252,QB,1051,2,false,leaders
2022,NYJ,3040206,QB,90,3,false,leaders
2022,NYJ,4035239,QB,17,4,false,leaders
2022,NYJ,3123075,QB,2,5,false,leaders
2022,NYJ,4569618,QB,0,6,false,leaders
2022,PHI,4040715,QB,3701,0,false,leaders
2022,PHI,4038524,QB,663,1,false,leaders
2022,PIT,4240703,QB,2404,0,false,leaders
2022,PIT,3039707,QB,1252,1,false,leaders
2022,PIT,4241457,QB,4,2,false,leaders
2022,PIT,4046692,QB,1,3,false,leaders
2022,SEA,15864,QB,4282,0,false,leaders
2022,SEA,4240631,QB,0,1,false,leaders
2022,SF,16760,QB,2437,0,false,leaders
2022,SF,4361741,QB,1374,1,false,leaders
2022,SF,4383351,QB,194,2,false,leaders
2022,SF,3117251,QB,34,3,false,leaders
2022,SF,11394,QB,10,4,false,leaders
2022,TB,2330,QB,4694,0,false,leaders
2022,TB,13987,QB,29,1,false,leaders
2022,TB,4034946,QB,23,2,false,leaders
2022,TB,3115364,QB,0,3,false,leaders
2022,TEN,14876,QB,2536,0,false,leaders
2022,TEN,3044720,QB,411,1,false,leaders
2022,TEN,4242512,QB,276,2,false,leaders
2022,TEN,3043078,QB,4,3,false,leaders
2022,WSH,2565969,QB,1859,0,false,leaders
2022,WSH,2573079,QB,1755,1,false,leaders
2022,WSH,4426875,QB,169,2,false,leaders
2023,ARI,3917315,QB,1799,0,false,leaders
2023,ARI,3044720,QB,1569,1,false,leaders
2023,ARI,4360175,QB,62,2,false,leaders
2023,ATL,4239086,QB,2836,0,false,leaders
2023,ATL,2565969,QB,890,1,false,leaders
2023,ATL,3042749,QB,27,2,false,leaders
2023,ATL,4426502,QB,22,3,false,leaders
2023,ATL,3054212,QB,0,4,false,leaders
2023,BAL,3916387,QB,3678,0,false,leaders
2023,BAL,4035671,QB,203,1,false,leaders
2023,BUF,3918298,QB,4306,0,false,leaders
2023,CAR,4685720,QB,2877,0,false,leaders
2023,CAR,14012,QB,361,1,false,leaders
2023,CAR,15153,QB,7,2,false,leaders
2023,CHI,4362887,QB,2562,0,false,leaders
2023,CHI,4434153,QB,859,1,false,leaders
2023,CIN,3915511,QB,2309,0,false,leaders
2023,CIN,3886812,QB,1936,1,false,leaders
2023,CIN,16810,QB,19,2,false,leaders
2023,CIN,3045144,QB,0,3,false,leaders
2023,CIN,4362628,QB,-7,4,false,leaders
2023,CLE,11252,QB,1616,0,false,leaders
2023,CLE,3122840,QB,1115,1,false,leaders
2023,CLE,3051308,QB,674,2,false,leaders
2023,CLE,4367178,QB,440,3,false,leaders
2023,CLE,2574630,QB,166,4,false,leaders
2023,DAL,2577417,QB,4516,0,false,leaders
2023,DAL,2972515,QB,144,1,false,leaders
2023,DEN,14881,QB,3070,0,false,leaders
2023,DEN,3892775,QB,496,1,false,leaders
2023,DET,3046779,QB,4575,0,false,leaders
2023,DET,3044729,QB,31,1,false,leaders
2023,GB,4036378,QB,4159,0,false,leaders
2023,GB,4259592,QB,37,1,false,leaders
2023,GB,4428850,QB,14,2,false,leaders
2023,HOU,4432577,QB,4108,0,false,leaders
2023,HOU,15168,QB,291,1,false,leaders
2023,HOU,4242546,QB,173,2,false,leaders
2023,HOU,4040761,QB,6,3,false,leaders
2023,IND,4038524,QB,3305,0,false,leaders
2023,IND,4429084,QB,577,1,false,leaders
2023,JAX,4360310,QB,4016,0,false,leaders
2023,JAX,2979520,QB,349,1,false,leaders
2023,JAX,3115480,QB,13,2,false,leaders
2023,JAX,3895856,QB,-1,3,false,leaders
2023,KC,3139477,QB,4183,0,false,leaders
2023,KC,13987,QB,185,1,false,leaders
2023,KC,3915398,QB,11,2,false,leaders
2023,KC,16782,QB,4,3,false,leaders
2023,KC,4240600,QB,0,4,false,leaders
2023,LAC,4038941,QB,3134,0,false,leaders
2023,LAC,3120590,QB,1129,1,false,leaders
2023,LAC,15818,QB,49,2,false,leaders
2023,LAR,12483,QB,3965,0,false,leaders
2023,LAR,3722362,QB,172,1,false,leaders
2023,LAR,2573079,QB,163,2,false,leaders
2023,LV,4260394,QB,2218,0,false,leaders
2023,LV,16760,QB,1205,1,false,leaders
2023,LV,12477,QB,231,2,false,leaders
2023,LV,3916433,QB,12,3,false,leaders
2023,MIA,4241479,QB,4624,0,false,leaders
2023,MIA,3051381,QB,74,1,false,leaders
2023,MIN,14880,QB,2331,0,false,leaders
2023,MIN,3059989,QB,1306,1,false,leaders
2023,MIN,3044720,QB,895,2,false,leaders
2023,MIN,4373632,QB,168,3,false,leaders
2023,MIN,4262921,QB,0,4,false,leaders
2023,NE,4241464,QB,2120,0,false,leaders
2023,NE,4250360,QB,1272,1,false,leaders
2023,NO,16757,QB,3878,0,false,leaders
2023,NO,2969939,QB,264,1,false,leaders
2023,NO,2468609,QB,83,2,false,leaders
2023,NYG,14163,QB,1341,0,false,leaders
2023,NYG,4240391,QB,1101,1,false,leaders
2023,NYG,3917792,QB,909,2,false,leaders
2023,NYJ,4361259,QB,2271,0,false,leaders
2023,NYJ,2511109,QB,724,1,false,leaders
2023,NYJ,3045169,QB,360,2,false,leaders
2023,NYJ,12701,QB,18,3,false,leaders
2023,NYJ,8439,QB,0,4,false,leaders
2023,PHI,4040715,QB,3858,0,false,leaders
2023,PHI,2576980,QB,164,1,false,leaders
2023,PHI,4035239,QB,28,2,false,leaders
2023,PHI,4371733,QB,17,3,false,leaders
2023,PIT,4240703,QB,2070,0,false,leaders
2023,PIT,3116407,QB,719,1,false,leaders
2023,PIT,3039707,QB,632,2,false,leaders
2023,PIT,4241961,QB,0,3,false,leaders
2023,SEA,15864,QB,3624,0,false,leaders
2023,SEA,3924327,QB,543,1,false,leaders
2023,SF,4361741,QB,4280,0,false,leaders
2023,SF,3912547,QB,297,1,false,leaders
2023,SF,3126486,QB,0,2,false,leaders
2023,TB,3052587,QB,4044,0,false,leaders
2023,TB,3116165,QB,0,1,false,leaders
2023,TB,4034946,QB,0,2,false,leaders
2023,TEN,4361418,QB,1808,0,false,leaders
2023,TEN,14876,QB,1616,1,false,leaders
2023,TEN,4242512,QB,74,2,false,leaders
2023,TEN,3043078,QB,14,3,false,leaders
2023,TEN,15795,QB,0,4,false,leaders
2023,WSH,4426875,QB,3946,0,false,leaders
2023,WSH,2578570,QB,224,1,false,leaders
2023,WSH,4361577,QB,4,2,false,leaders
2024,ARI,3917315,QB,3851,0,false,leaders
2024,ARI,4360175,QB,8,1,false,leaders
2024,ATL,14880,QB,3508,0,false,leaders
2024,ATL,4360423,QB,775,1,false,leaders
2024,ATL,4040655,QB,0,2,false,leaders
2024,BAL,3916387,QB,4172,0,false,leaders
2024,BAL,11394,QB,17,1,false,leaders
2024,BUF,3918298,QB,3731,0,false,leaders
2024,BUF,3039707,QB,179,1,false,leaders
2024,BUF,3051381,QB,28,2,false,leaders
2024,CAR,4685720,QB,2403,0,false,leaders
2024,CAR,14012,QB,989,1,false,leaders
2024,CAR,4695883,QB,19,2,false,leaders
2024,CAR,15153,QB,0,3,false,leaders
2024,CHI,4431611,QB,3541,0,false,leaders
2024,CHI,4434153,QB,11,1,false,leaders
2024,CHI,15818,QB,0,2,false,leaders
2024,CHI,3915416,QB,0,3,false,leaders
2024,CIN,3915511,QB,4918,0,false,leaders
2024,CLE,2969939,QB,2121,0,false,leaders
2024,CLE,3122840,QB,1148,1,false,leaders
2024,CLE,4367178,QB,440,2,false,leaders
2024,CLE,4250360,QB,170,3,false,leaders
2024,DAL,2577417,QB,1978,0,false,leaders
2024,DAL,2972515,QB,1844,1,false,leaders
2024,DAL,4383351,QB,266,2,false,leaders
2024,DAL,14950,QB,4,3,false,leaders
2024,DEN,4426338,QB,3775,0,false,leaders
2024,DEN,3128429,QB,30,1,false,leaders
2024,DEN,2577619,QB,3,2,false,leaders
2024,DET,3046779,QB,4629,0,false,leaders
2024,DET,4240858,QB,62,1,false,leaders
2024,DET,3916370,QB,17,2,false,leaders
2024,DET,4374302,QB,7,3,false,leaders
2024,DET,4035538,QB,3,4,false,leaders
2024,GB,4036378,QB,3389,0,false,leaders
2024,GB,4242512,QB,550,1,false,leaders
2024,HOU,4432577,QB,3727,0,false,leaders
2024,HOU,4242546,QB,212,1,false,leaders
2024,HOU,2976212,QB,13,2,false,leaders
2024,HOU,3116385,QB,0,3,false,leaders
2024,IND,4429084,QB,1814,0,false,leaders
2024,IND,11252,QB,1761,1,false,leaders
2024,IND,4597500,QB,24,2,false,leaders
2024,JAX,4360310,QB,2045,0,false,leaders
2024,JAX,4241464,QB,1672,1,false,leaders
2024,KC,3139477,QB,3928,0,false,leaders
2024,KC,2573079,QB,118,1,false,leaders
2024,LAC,4038941,QB,3870,0,false,leaders
2024,LAC,2565969,QB,28,1,false,leaders
2024,LAC,3126368,QB,3,2,false,leaders
2024,LAR,12483,QB,3762,0,false,leaders
2024,LAR,16760,QB,334,1,false,leaders
2024,LAR,4360797,QB,0,2,false,leaders
2024,LV,4038524,QB,2013,0,false,leaders
2024,LV,4260394,QB,1612,1,false,leaders
2024,LV,4239086,QB,458,2,false,leaders
2024,LV,3686689,QB,34,3,false,leaders
2024,MIA,4241479,QB,2867,0,false,leaders
2024,MIA,4035671,QB,829,1,false,leaders
2024,MIA,4036419,QB,187,2,false,leaders
2024,MIA,3045169,QB,153,3,false,leaders
2024,MIN,3912547,QB,4319,0,false,leaders
2024,MIN,3059989,QB,38,1,false,leaders
2024,MIN,4262921,QB,22,2,false,leaders
2024,NE,4431452,QB,2276,0,false,leaders
2024,NE,2578570,QB,826,1,false,leaders
2024,NE,4360698,QB,241,2,false,leaders
2024,NE,3045523,QB,0,3,false,leaders
2024,NO,16757,QB,2145,0,false,leaders
2024,NO,4426339,QB,1317,1,false,leaders
2024,NO,4243322,QB,226,2,false,leaders
2024,NO,2468609,QB,21,3,false,leaders
2024,NO,4036335,QB,21,4,false,leaders
2024,NYG,3917792,QB,2070,0,false,leaders
2024,NYG,3924327,QB,1071,1,false,leaders
2024,NYG,4240391,QB,257,2,false,leaders
2024,NYG,3045169,QB,123,3,false,leaders
2024,NYG,4595348,QB,0,4,false,leaders
2024,NYJ,8439,QB,3897,0,false,leaders
2024,NYJ,14163,QB,119,1,false,leaders
2024,NYJ,3128390,QB,0,2,false,leaders
2024,PHI,4040715,QB,2903,0,false,leaders
2024,PHI,4685201,QB,323,1,false,leaders
2024,PHI,4240703,QB,291,2,false,leaders
2024,PIT,14881,QB,2482,0,false,leaders
2024,PIT,4362887,QB,1106,1,false,leaders
2024,PIT,3115293,QB,19,2,false,leaders
2024,PIT,2575164,QB,0,3,false,leaders
2024,SEA,15864,QB,4320,0,false,leaders
2024,SEA,4430878,QB,35,1,false,leaders
2024,SEA,4426875,QB,24,2,false,leaders
2024,SF,4361741,QB,3864,0,false,leaders
2024,SF,3044720,QB,361,1,false,leaders
2024,SF,2574511,QB,199,2,false,leaders
2024,SF,4428209,QB,0,3,false,leaders
2024,TB,3052587,QB,4500,0,false,leaders
2024,TB,4034946,QB,5,1,false,leaders
2024,TEN,4361418,QB,2091,0,false,leaders
2024,TEN,3116407,QB,1530,1,false,leaders
2024,TEN,3045144,QB,0,2,false,leaders
2024,WSH,4426348,QB,3568,0,false,leaders
2024,WSH,2576980,QB,364,1,false,leaders
2024,WSH,4361577,QB,0,2,false,leaders
2025,ARI,2578570,QB,3366,0,false,leaders
2025,ARI,3917315,QB,962,1,false,leaders
2025,ARI,3043237,QB,28,2,false,leaders
2025,ATL,4360423,QB,1982,0,false,leaders
2025,ATL,14880,QB,1721,1,false,leaders
2025,BAL,3916387,QB,2549,0,false,leaders
2025,BAL,4035671,QB,426,1,false,leaders
2025,BAL,2972515,QB,303,2,false,leaders
2025,BAL,3043078,QB,0,3,false,leaders
2025,BUF,3918298,QB,3668,0,false,leaders
2025,BUF,3039707,QB,313,1,false,leaders
2025,CAR,4685720,QB,3011,0,false,leaders
2025,CAR,14012,QB,293,1,false,leaders
2025,CHI,4431611,QB,3942,0,false,leaders
2025,CHI,4434153,QB,47,1,false,leaders
2025,CHI,3915416,QB,2,2,false,leaders
2025,CHI,4258595,QB,0,3,false,leaders
2025,CIN,3915511,QB,1809,0,false,leaders
2025,CIN,11252,QB,1664,1,false,leaders
2025,CIN,3886812,QB,771,2,false,leaders
2025,CLE,4432762,QB,1400,0,false,leaders
2025,CLE,4427238,QB,937,1,false,leaders
2025,CLE,11252,QB,815,2,false,leaders
2025,CLE,4039396,QB,0,3,false,leaders
2025,DAL,2577417,QB,4552,0,false,leaders
2025,DAL,4360698,QB,183,1,false,leaders
2025,DEN,4426338,QB,3931,0,false,leaders
2025,DEN,4568490,QB,0,1,false,leaders
2025,DET,3046779,QB,4564,0,false,leaders
2025,DET,4035538,QB,3,1,false,leaders
2025,DET,3115293,QB,0,2,false,leaders
2025,GB,4036378,QB,3381,0,false,leaders
2025,GB,4242512,QB,422,1,false,leaders
2025,GB,4360175,QB,42,2,false,leaders
2025,HOU,4432577,QB,3041,0,false,leaders
2025,HOU,4242546,QB,915,1,false,leaders
2025,IND,3917792,QB,3101,0,false,leaders
2025,IND,5529,QB,544,1,false,leaders
2025,IND,4683423,QB,415,2,false,leaders
2025,IND,3914922,QB,16,3,false,leaders
2025,IND,4429084,QB,9,4,false,leaders
2025,IND,4431459,QB,0,5,false,leaders
2025,JAX,4360310,QB,4007,0,false,leaders
2025,JAX,3059989,QB,19,1,false,leaders
2025,KC,3139477,QB,3587,0,false,leaders
2025,KC,4044111,QB,235,1,false,leaders
2025,KC,4039034,QB,88,2,false,leaders
2025,KC,4038524,QB,37,3,false,leaders
2025,LAC,4038941,QB,3727,0,false,leaders
2025,LAC,4383351,QB,226,1,false,leaders
2025,LAR,12483,QB,4707,0,false,leaders
2025,LAR,4566192,QB,0,1,false,leaders
2025,LV,15864,QB,3025,0,false,leaders
2025,LV,4240703,QB,188,1,false,leaders
2025,LV,4260394,QB,102,2,false,leaders
2025,MIA,4241479,QB,2660,0,false,leaders
2025,MIA,4889929,QB,622,1,false,leaders
2025,MIA,4361259,QB,32,2,false,leaders
2025,MIA,4372016,QB,8,3,false,leaders
2025,MIN,4433970,QB,1632,0,false,leaders
2025,MIN,2573079,QB,1216,1,false,leaders
2025,MIN,4573398,QB,328,2,false,leaders
2025,MIN,4240021,QB,32,3,false,leaders
2025,NE,4431452,QB,4394,0,false,leaders
2025,NE,3044720,QB,65,1,false,leaders
2025,NO,4360689,QB,2384,0,false,leaders
2025,NO,4426339,QB,1586,1,false,leaders
2025,NO,2468609,QB,57,2,false,leaders
2025,NO,4361370,QB,0,3,false,leaders
2025,NYG,4689114,QB,2272,0,false,leaders
2025,NYG,14881,QB,831,1,false,leaders
2025,NYG,2969939,QB,567,2,false,leaders
2025,NYG,4424106,QB,33,3,false,leaders
2025,NYJ,4362887,QB,1259,0,false,leaders
2025,NYJ,14163,QB,779,1,false,leaders
2025,NYJ,4429435,QB,739,2,false,leaders
2025,NYJ,4427366,QB,4,3,false,leaders
2025,NYJ,4427982,QB,3,4,false,leaders
2025,NYJ,4569371,QB,0,5,false,leaders
2025,PHI,4040715,QB,3224,0,false,leaders
2025,PHI,4685201,QB,274,1,false,leaders
2025,PIT,8439,QB,3322,0,false,leaders
2025,PIT,3116407,QB,310,1,false,leaders
2025,SEA,3912547,QB,4048,0,false,leaders
2025,SEA,3924327,QB,15,1,false,leaders
2025,SEA,2977187,QB,0,2,false,leaders
2025,SF,4361741,QB,2167,0,false,leaders
2025,SF,4241464,QB,2151,1,false,leaders
2025,SF,3117251,QB,0,2,false,leaders
2025,TB,3052587,QB,3693,0,false,leaders
2025,TB,16728,QB,62,1,false,leaders
2025,TEN,4688380,QB,3169,0,false,leaders
2025,TEN,2574511,QB,72,1,false,leaders
2025,WSH,2576980,QB,1695,0,false,leaders
2025,WSH,4426348,QB,1262,1,false,leaders
2025,WSH,11394,QB,372,2,false,leaders
2026,ARI,2578570,QB,,101,true,depthchart
2026,ARI,4038524,QB,,102,false,depthchart
2026,ARI,4430841,QB,,103,false,depthchart
2026,ATL,4241479,QB,,101,true,depthchart
2026,ATL,4360423,QB,,102,false,depthchart
2026,ATL,2972515,QB,,103,false,depthchart
2026,ATL,5344782,QB,,104,false,depthchart
2026,BAL,3916387,QB,,101,true,depthchart
2026,BAL,4035671,QB,,102,false,depthchart
2026,BAL,4429582,QB,,103,false,depthchart
2026,BAL,4036419,QB,,104,false,depthchart
2026,BUF,3918298,QB,,101,true,depthchart
2026,BUF,3115293,QB,,102,false,depthchart
2026,CAR,4685720,QB,,101,true,depthchart
2026,CAR,4240703,QB,,102,false,depthchart
2026,CAR,4428993,QB,,103,false,depthchart
2026,CHI,4431611,QB,,101,true,depthchart
2026,CHI,4434153,QB,,102,false,depthchart
2026,CHI,15168,QB,,103,false,depthchart
2026,CIN,3915511,QB,,101,true,depthchart
2026,CIN,11252,QB,,102,false,depthchart
2026,CLE,3122840,QB,,101,true,depthchart
2026,CLE,4432762,QB,,102,false,depthchart
2026,CLE,4431325,QB,,103,false,depthchart
2026,CLE,4427238,QB,,104,false,depthchart
2026,DAL,2577417,QB,,101,true,depthchart
2026,DAL,4426875,QB,,102,false,depthchart
2026,DEN,4426338,QB,,101,true,depthchart
2026,DEN,3892775,QB,,102,false,depthchart
2026,DEN,4241820,QB,,103,false,depthchart
2026,DET,3046779,QB,,101,true,depthchart
2026,DET,3044720,QB,,102,false,depthchart
2026,GB,4036378,QB,,101,true,depthchart
2026,GB,14163,QB,,102,false,depthchart
2026,HOU,4432577,QB,,101,true,depthchart
2026,HOU,4242546,QB,,102,false,depthchart
2026,HOU,4426335,QB,,103,false,depthchart
2026,IND,3917792,QB,,101,true,depthchart
2026,IND,4429084,QB,,102,false,depthchart
2026,IND,4683423,QB,,103,false,depthchart
2026,JAX,4360310,QB,,101,true,depthchart
2026,JAX,4889929,QB,,102,false,depthchart
2026,JAX,4362260,QB,,103,false,depthchart
2026,KC,3139477,QB,,101,true,depthchart
2026,KC,4362887,QB,,102,false,depthchart
2026,KC,4567747,QB,,103,false,depthchart
2026,LAC,4038941,QB,,101,true,depthchart
2026,LAC,4383351,QB,,102,false,depthchart
2026,LAR,12483,QB,,101,true,depthchart
2026,LAR,4259553,QB,,102,false,depthchart
2026,LAR,4685522,QB,,103,false,depthchart
2026,LAR,4877717,QB,,104,false,depthchart
2026,LV,14880,QB,,101,true,depthchart
2026,LV,4837248,QB,,102,false,depthchart
2026,LV,4260394,QB,,103,false,depthchart
2026,MIA,4242512,QB,,101,true,depthchart
2026,MIA,4433971,QB,,102,false,depthchart
2026,MIA,4429435,QB,,103,false,depthchart
2026,MIN,3917315,QB,,101,true,depthchart
2026,MIN,4433970,QB,,102,false,depthchart
2026,MIN,2573079,QB,,103,false,depthchart
2026,NE,4431452,QB,,101,true,depthchart
2026,NE,4240391,QB,,102,false,depthchart
2026,NE,4431465,QB,,103,false,depthchart
2026,NO,4360689,QB,,101,true,depthchart
2026,NO,4426339,QB,,102,false,depthchart
2026,NO,4361259,QB,,103,false,depthchart
2026,NYG,4689114,QB,,101,true,depthchart
2026,NYG,2969939,QB,,102,false,depthchart
2026,NYJ,15864,QB,,101,true,depthchart
2026,NYJ,4685413,QB,,102,false,depthchart
2026,PHI,4040715,QB,,101,true,depthchart
2026,PHI,14012,QB,,102,false,depthchart
2026,PHI,4685201,QB,,103,false,depthchart
2026,PHI,4879250,QB,,104,false,depthchart
2026,PIT,8439,QB,,101,true,depthchart
2026,PIT,3116407,QB,,102,false,depthchart
2026,PIT,4429955,QB,,103,false,depthchart
2026,PIT,4714771,QB,,104,false,depthchart
2026,SEA,3912547,QB,,101,true,depthchart
2026,SEA,3924327,QB,,102,false,depthchart
2026,SEA,4432734,QB,,103,false,depthchart
2026,SF,4361741,QB,,101,true,depthchart
2026,SF,4241464,QB,,102,false,depthchart
2026,SF,4430431,QB,,103,false,depthchart
2026,TB,3052587,QB,,101,true,depthchart
2026,TB,4596472,QB,,102,false,depthchart
2026,TEN,4688380,QB,,101,true,depthchart
2026,TEN,3039707,QB,,102,false,depthchart
2026,WSH,4426348,QB,,101,true,depthchart
2026,WSH,2576980,QB,,102,false,depthchart
2026,WSH,4432722,QB,,103,false,depthchart
